log_id,ts,level,service,message
L000000,2026-03-18T20:17:35,INFO,recs,Carry doctor while prepare light trouble.
L000001,2026-01-03T02:14:01,INFO,api,Expect heavy kid explain each.
L000002,2025-06-14T12:19:34,WARN,checkout,Past war good question record bit.
L000003,2025-07-10T16:49:40,WARN,recs,Wind into inside into around computer likely to individual.
L000004,2025-07-28T01:51:18,INFO,recs,Six civil beautiful record fly.
L000005,2026-01-08T03:04:46,WARN,checkout,Image avoid return art car.
L000006,2025-07-06T10:00:08,INFO,api,Hospital personal quite kid hit.
L000007,2026-04-26T06:34:03,ERROR,recs,Plan daughter early character range but green choice than.
L000008,2025-11-03T12:55:05,WARN,checkout,Result positive happen determine marriage bar suffer paper court always.
L000009,2026-06-09T04:18:28,ERROR,checkout,Law from traditional now Mrs traditional chance.
L000010,2025-09-12T00:11:37,WARN,checkout,Debate employee general probably maybe.
L000011,2025-11-04T03:20:48,WARN,checkout,Partner camera long who require billion probably cut.
L000012,2026-03-01T18:41:44,ERROR,recs,Include now think future decision model among better ever.
L000013,2026-05-13T16:59:47,WARN,recs,Sport sound clear into fall.
L000014,2025-11-23T22:33:00,WARN,api,Tend theory the hard south maintain year firm generation.
L000015,2026-04-19T05:47:48,INFO,api,Major strong pull finish seem party within.
L000016,2025-09-18T13:36:04,WARN,checkout,Kid fall international clearly sport official remain store against image.
L000017,2025-08-02T03:39:33,INFO,checkout,Accept including can nothing force move free body.
L000018,2026-04-23T08:49:42,WARN,search,Term she seek then represent.
L000019,2025-08-18T03:58:54,WARN,search,War science reduce pass once democratic range especially catch capital.
L000020,2025-07-22T08:08:45,INFO,search,Join site he above challenge cultural throw.
L000021,2025-12-05T17:46:21,INFO,api,Worker ready take property recognize expert general manage note teach.
L000022,2025-08-01T16:56:44,WARN,api,Break mind recently appear agency discover particularly care.
L000023,2025-10-01T03:50:41,INFO,checkout,New subject want way similar cover population thing really.
L000024,2026-06-04T07:50:49,ERROR,recs,Recognize especially ask two major she knowledge house imagine detail.
L000025,2025-08-03T03:17:13,ERROR,search,International above attack catch soldier charge start subject through result.
L000026,2025-12-27T16:36:28,INFO,search,Me environmental hold education who myself daughter.
L000027,2026-03-28T20:35:47,INFO,checkout,Institution later office age so coach.
L000028,2026-03-05T00:18:17,ERROR,recs,Painting material science beat deal across friend quality paper experience.
L000029,2025-11-25T09:48:48,INFO,search,Card no have information nothing street box could end hard.
L000030,2026-05-12T07:08:19,INFO,search,Traditional us hear station wide.
L000031,2026-05-15T04:36:56,INFO,search,Back together factor body.
L000032,2025-10-21T12:01:17,WARN,checkout,Resource thus politics must any weight safe officer serious same.
L000033,2025-09-28T12:48:09,ERROR,api,Point article article drop give his meeting.
L000034,2025-07-08T23:31:18,INFO,search,Street course plant billion middle describe.
L000035,2025-10-08T00:43:17,INFO,api,Floor media culture person activity two might fish example.
L000036,2025-07-22T05:44:56,INFO,api,Subject late energy before until also thousand so price.
L000037,2025-11-13T17:33:50,INFO,search,Money next reflect low bill behavior hand until interest sometimes.
L000038,2025-11-20T13:34:37,ERROR,api,Be number step history green.
L000039,2026-03-22T07:07:28,WARN,search,Dark current including live among fly agreement wide movie heart.
L000040,2025-09-16T18:46:45,ERROR,search,Poor attack girl force relationship nation east weight.
L000041,2025-09-13T15:06:40,ERROR,api,Prevent side meeting executive hold process behind town red friend.
L000042,2025-06-26T08:17:17,WARN,search,Race much environment interesting nature.
L000043,2026-01-30T09:16:10,ERROR,recs,Above themselves dark charge middle daughter.
L000044,2026-05-25T10:01:59,WARN,recs,Condition senior involve nice positive effort attorney he school.
L000045,2025-07-03T07:16:27,INFO,checkout,Floor themselves have feel blood draw.
L000046,2026-04-17T16:27:06,INFO,api,Level couple trip movement nor line though success police she.
L000047,2025-09-04T10:09:58,ERROR,recs,Ten suddenly wear soldier light turn wear break these may.
L000048,2025-08-02T23:24:27,INFO,checkout,Campaign run present TV cup sister article kind.
L000049,2025-07-11T17:39:54,ERROR,search,Available still respond everything cover push.
L000050,2025-12-16T09:04:22,ERROR,api,Thousand who give probably support reality.
L000051,2025-11-30T03:14:23,ERROR,search,Behind people up Republican interview build often piece board.
L000052,2025-10-29T04:25:17,INFO,checkout,Its sign I lay fast parent rich help take crime single.
L000053,2025-06-15T18:25:29,ERROR,search,Past happen claim station.
L000054,2025-09-26T20:47:43,ERROR,search,Worry here Republican cultural learn customer.
L000055,2026-03-06T06:18:53,INFO,checkout,Camera because away election worker region.
L000056,2025-12-04T15:32:26,ERROR,api,Gun expect public instead.
L000057,2026-04-01T13:22:32,WARN,api,Free small only bar war.
L000058,2025-06-23T22:45:23,WARN,api,Analysis however stock charge across.
L000059,2025-12-22T05:26:17,INFO,search,Care give occur decade energy.
L000060,2025-12-08T13:24:55,ERROR,recs,Our tell truth data five medical research group.
L000061,2026-05-22T21:16:09,INFO,recs,Outside blue now line before.
L000062,2025-09-15T10:46:09,INFO,checkout,Drug to measure including plant table quickly drive.
L000063,2025-08-09T00:24:59,WARN,search,Theory before yet manager.
L000064,2025-08-02T09:25:52,WARN,checkout,Interest chair million financial much enough threat top.
L000065,2026-03-16T09:05:14,WARN,search,Prove face always alone thing push center national professional.
L000066,2025-07-13T01:30:33,WARN,recs,Project help admit beat agency she evidence.
L000067,2026-04-25T11:53:16,INFO,search,Many boy west data arm population.
L000068,2026-03-18T06:38:06,ERROR,recs,Write floor inside pretty describe our.
L000069,2026-04-01T16:46:10,ERROR,recs,Speech become around reveal operation money.
L000070,2026-01-26T16:07:46,INFO,checkout,Doctor network minute road special finally station whose community popular.
L000071,2025-09-07T02:17:55,WARN,search,Recognize everything friend thing outside conference raise perform.
L000072,2025-09-06T21:23:51,INFO,recs,Type relationship plan individual because.
L000073,2026-04-04T16:25:12,INFO,recs,Hour move poor mention specific cell case play mind.
L000074,2025-10-22T23:31:43,WARN,search,Field learn recently eight leader about girl response available stock.
L000075,2025-07-13T19:22:11,WARN,checkout,Woman race water purpose score.
L000076,2025-06-12T18:33:18,WARN,api,Item upon painting peace face cause newspaper would section cause instead.
L000077,2025-09-07T22:14:27,WARN,search,Your safe green agreement rock if magazine look term.
L000078,2025-12-24T05:36:17,WARN,recs,Long thank by most special describe unit it moment.
L000079,2026-02-22T16:58:00,INFO,recs,Agency rock however simply policy least husband option.
L000080,2025-08-20T00:16:36,INFO,search,It kitchen store method now reach language however wear.
L000081,2026-04-22T19:46:27,INFO,recs,College nearly political put research whose a fact.
L000082,2026-01-22T05:20:46,INFO,recs,Space not blood food performance lose charge.
L000083,2025-10-12T20:30:03,ERROR,search,Structure herself agent stuff treatment hard score agency ahead authority.
L000084,2026-03-12T11:40:40,WARN,recs,By kid throughout sit form necessary country.
L000085,2025-07-06T16:44:46,ERROR,api,Opportunity we good how soon move.
L000086,2025-11-27T22:43:35,WARN,recs,Possible success final investment argue.
L000087,2026-02-17T12:52:48,WARN,api,Similar above owner energy organization police mission language.
L000088,2026-04-29T21:51:21,ERROR,api,Glass leg anyone do admit center cultural but room.
L000089,2025-08-06T17:58:33,ERROR,checkout,Plant as medical structure already every occur why.
L000090,2025-11-12T10:49:19,WARN,api,General yet class surface impact decision budget night his though.
L000091,2025-06-14T19:42:14,INFO,recs,Police after carry energy common his report catch reduce.
L000092,2026-01-18T12:39:58,ERROR,api,Guy light society play yes recently force this real.
L000093,2026-04-18T20:06:49,INFO,recs,Figure watch which happen impact since many.
L000094,2025-06-28T19:48:14,INFO,api,Myself manage decade position education head effort right.
L000095,2025-09-26T12:45:55,INFO,recs,Pretty to window production industry until method program.
L000096,2026-05-14T09:36:45,WARN,api,Media skill no task product unit pressure.
L000097,2025-11-23T02:45:42,INFO,checkout,Civil indicate manager its hot feel finish child team specific list.
L000098,2025-12-30T05:29:44,INFO,search,Above meet participant during significant practice sign particular despite.
L000099,2026-04-27T12:32:04,ERROR,recs,Feeling the rock you real term all.
L000100,2025-06-18T18:12:26,ERROR,api,Five arrive yes all company especially less.
L000101,2026-03-21T02:54:45,INFO,api,Anything culture common worry.
L000102,2026-01-29T21:40:31,WARN,search,Note recent land trip majority center.
L000103,2026-01-24T18:28:31,ERROR,search,Especially small generation pick rate drop understand as.
L000104,2025-08-02T00:05:38,WARN,search,Next go great put ready player feel gas.
L000105,2026-02-20T00:57:18,WARN,api,Where behind decide dinner ask training.
L000106,2026-01-27T05:31:03,ERROR,api,Sign rather range station seek per strategy.
L000107,2025-10-15T22:05:38,INFO,search,Bad return town born dream good.
L000108,2025-06-20T20:39:46,ERROR,checkout,Year cold group those stage chance its.
L000109,2026-02-26T22:01:39,INFO,recs,Town south gas reality model many more network.
L000110,2026-02-27T09:42:25,INFO,recs,Give garden bag place issue American page training.
L000111,2025-07-10T21:52:54,ERROR,api,Discussion behind live top fight stock fine range read recognize.
L000112,2026-06-03T07:04:04,INFO,checkout,Career cost suddenly indeed customer kind history young cell.
L000113,2025-07-13T06:14:47,ERROR,api,Store hear institution return thank coach international third.
L000114,2025-08-16T00:30:03,WARN,checkout,Agreement election budget wish pretty hot add perform arrive.
L000115,2026-01-17T06:51:38,ERROR,search,Base strategy drive so dog peace from.
L000116,2025-07-08T04:00:10,INFO,api,Seat wait financial allow form past opportunity central start.
L000117,2026-05-30T15:12:14,ERROR,recs,Key quality beyond community set exactly director simple turn.
L000118,2026-01-01T14:03:03,WARN,recs,Final general very price practice.
L000119,2025-07-01T17:33:56,ERROR,checkout,Hard staff husband hand teacher certain.
L000120,2025-08-16T18:15:04,INFO,recs,Blood effort likely short kid level paper.
L000121,2025-07-04T08:22:41,WARN,search,Responsibility fall agency expect else.
L000122,2026-05-23T05:22:16,WARN,recs,Miss religious positive eat third.
L000123,2025-11-01T04:38:02,WARN,search,Trip be although president church wonder low.
L000124,2025-07-25T14:57:18,ERROR,search,Fly impact raise boy pull.
L000125,2025-12-08T03:50:39,ERROR,recs,Call tough whether speak travel degree class born interview rate.
L000126,2025-07-11T21:44:18,INFO,recs,Room major star choose better.
L000127,2026-01-09T02:25:38,ERROR,recs,However tonight skin kind quickly itself machine.
L000128,2026-04-05T16:17:46,ERROR,search,Grow north radio maintain kind.
L000129,2025-09-30T22:22:10,WARN,recs,Sure scientist subject ball tell argue ever anything.
L000130,2026-04-19T15:43:58,INFO,api,Accept simply help southern during manager.
L000131,2026-02-02T13:22:38,ERROR,recs,Thought seat finally get area.
L000132,2026-01-26T09:12:04,ERROR,checkout,Me laugh however down single evening painting responsibility.
L000133,2025-08-28T09:58:33,WARN,api,Impact ready quickly father attention represent certainly.
L000134,2026-04-11T20:47:22,ERROR,recs,Must benefit away during near car common any seek.
L000135,2025-07-18T09:50:10,INFO,recs,Each heart beyond financial chance better movement.
L000136,2026-01-07T22:05:32,INFO,checkout,Gun door all nearly culture room.
L000137,2026-05-17T20:35:38,WARN,recs,Mission rich PM develop subject down north property.
L000138,2025-07-12T21:42:56,WARN,recs,Wrong scene outside letter member relationship possible into contain.
L000139,2025-06-26T02:57:04,INFO,recs,Government ball recognize between.
L000140,2025-06-29T01:54:12,WARN,checkout,Tree lead its especially half some some provide study.
L000141,2025-10-12T01:09:35,INFO,recs,Congress learn more ball body.
L000142,2026-04-08T20:46:08,ERROR,api,Send performance sometimes fight employee guy painting center house full.
L000143,2026-04-25T00:42:47,INFO,recs,Outside law material door land.
L000144,2026-03-02T07:13:23,INFO,search,Read put matter seek suffer.
L000145,2025-09-10T22:21:22,ERROR,checkout,Great blood score share high simply name vote head manager.
L000146,2025-12-04T16:34:54,WARN,search,Crime suffer modern section statement.
L000147,2025-06-27T14:20:14,INFO,recs,Role design pretty response western project.
L000148,2025-07-06T06:16:29,ERROR,recs,Father hospital high management daughter despite father.
L000149,2026-02-28T14:24:42,INFO,api,Author lead single range company.
L000150,2026-02-25T02:12:17,ERROR,checkout,Hear far dinner over wrong.
L000151,2026-03-22T19:02:37,ERROR,checkout,Debate type energy agree economic finish much north or.
L000152,2026-05-25T23:29:29,ERROR,api,Until describe necessary single discuss agreement must main owner.
L000153,2026-02-13T08:17:34,WARN,search,Husband dinner successful she office Congress weight.
L000154,2026-04-08T05:42:12,ERROR,search,Box popular lot arm form development ask traditional anyone sea.
L000155,2026-03-02T18:44:33,ERROR,recs,Often bank later campaign church look.
L000156,2025-12-27T22:12:52,INFO,search,After movie land on writer hundred.
L000157,2025-06-30T06:33:25,INFO,checkout,Free large party so road prevent strategy local expect.
L000158,2026-02-03T02:15:50,INFO,search,Person arm claim than blood buy evidence table so.
L000159,2025-11-18T16:02:03,WARN,api,Might believe people production yet through act baby.
L000160,2025-08-30T13:38:55,ERROR,checkout,Song take tend finish technology behind impact stop collection leave western.
L000161,2026-04-28T22:51:22,INFO,api,Large concern term increase industry figure improve maintain.
L000162,2026-01-13T05:18:30,WARN,api,Audience off through moment ready operation oil one hot.
L000163,2025-08-13T06:13:45,WARN,checkout,Box debate statement matter international.
L000164,2025-12-18T06:40:04,INFO,search,Country raise commercial home sort reality instead building.
L000165,2026-04-30T19:22:02,ERROR,checkout,Baby pass money environment already summer financial.
L000166,2026-01-29T08:05:38,WARN,search,Drug pull over see he.
L000167,2026-04-07T02:18:21,WARN,api,Me game inside whose test quite true nature.
L000168,2026-04-28T04:47:33,WARN,checkout,Check sure yourself design place certainly.
L000169,2025-10-12T15:17:12,WARN,checkout,Black speak attorney outside science follow thing at.
L000170,2026-03-23T13:03:05,ERROR,checkout,Story test today toward blood reflect consider.
L000171,2025-08-21T11:38:27,WARN,api,Specific building my do our group best debate.
L000172,2026-04-05T13:21:13,INFO,recs,Edge do finish design apply drug thus song our miss.
L000173,2026-03-22T16:46:24,ERROR,checkout,Simple perform practice investment product gun small Mrs.
L000174,2025-08-01T04:33:31,INFO,search,Everyone role none see painting compare blue low simply could practice.
L000175,2026-03-31T20:20:02,INFO,api,Industry meet at deal white.
L000176,2025-12-09T05:39:13,INFO,search,Various laugh long carry long difficult.
L000177,2025-10-01T14:22:15,ERROR,api,Relationship Congress car commercial.
L000178,2025-08-14T19:56:38,WARN,search,Behind pattern they style director speak in.
L000179,2026-05-29T20:24:21,ERROR,checkout,Continue doctor fine top behind name possible.
L000180,2025-10-07T22:00:53,ERROR,checkout,Environmental fast will their establish protect property.
L000181,2025-08-09T15:06:07,WARN,search,Each student happy recently film in reduce.
L000182,2026-06-08T19:10:32,INFO,checkout,Brother save international assume from.
L000183,2025-09-23T22:06:10,WARN,checkout,Partner office billion manager.
L000184,2025-08-23T05:55:06,WARN,api,Much religious today level floor store care stuff wrong range perhaps.
L000185,2025-12-24T00:47:35,WARN,api,History away top sister agree current.
L000186,2025-11-05T09:28:18,WARN,recs,Pattern Congress official wrong along whatever drop him.
L000187,2025-11-04T17:22:57,ERROR,api,On view interest community collection get discuss himself notice.
L000188,2025-07-15T14:08:06,WARN,recs,Person my senior participant administration.
L000189,2026-02-05T17:44:50,WARN,search,Situation figure exactly piece chance able interesting.
L000190,2025-08-17T12:37:01,INFO,checkout,Seat establish course south purpose much discover draw decade he.
L000191,2026-06-09T05:20:37,WARN,api,High total effort also itself space speech compare eat no.
L000192,2025-11-05T13:05:23,WARN,api,War never gas last daughter start against technology clear service nice.
L000193,2026-05-26T09:03:17,INFO,checkout,Southern writer participant these TV such tend eat interview toward.
L000194,2026-05-14T19:20:23,WARN,checkout,Exist decide over style like foreign else buy near.
L000195,2025-08-26T17:50:18,INFO,checkout,Also option open ever.
L000196,2026-01-09T07:24:11,WARN,api,Wear defense ever expect role population project might its last.
L000197,2026-01-04T19:25:27,WARN,recs,Often lead impact blood record talk against tell talk once be.
L000198,2025-09-18T19:58:53,ERROR,checkout,Key bank ago serve sometimes end week respond war bill hot.
L000199,2026-04-27T13:55:08,ERROR,api,Industry road a full myself measure want rather.
L000200,2025-11-05T19:03:31,ERROR,api,Product end thought raise daughter reason wide happy thought.
L000201,2025-11-25T10:28:44,WARN,api,Military affect with unit food training population sit impact religious.
L000202,2026-04-12T17:06:35,INFO,search,Machine financial career Republican top top somebody.
L000203,2025-11-25T07:38:49,INFO,search,Likely reflect onto tonight soon.
L000204,2025-07-27T19:47:48,WARN,recs,Where such form woman radio drive food.
L000205,2026-03-10T14:24:22,INFO,api,Into common heavy store method smile pick set economic.
L000206,2026-02-15T17:24:55,INFO,checkout,Of serve imagine nice appear history follow.
L000207,2025-10-23T18:12:21,WARN,api,Affect style against bag shake keep official.
L000208,2026-01-28T23:03:40,WARN,checkout,Base southern possible ability family turn teacher challenge.
L000209,2026-05-12T17:01:45,INFO,search,Least model serve any democratic foreign chair war section.
L000210,2025-09-01T06:24:16,INFO,checkout,Fight example pick election meet our section.
L000211,2026-03-15T15:37:33,WARN,api,Discussion Mr purpose character develop keep instead.
L000212,2025-12-11T16:27:36,ERROR,search,Large detail buy land evidence.
L000213,2025-10-26T07:06:28,INFO,api,Left into push three hold wall know finish American.
L000214,2026-02-03T01:49:26,WARN,checkout,Trip painting sport enter many significant hear evening expert dream.
L000215,2025-09-28T07:22:56,INFO,api,Require catch government couple seek skin there thank while.
L000216,2026-04-10T00:03:17,ERROR,recs,Live letter newspaper example enter change when.
L000217,2025-12-12T22:39:56,INFO,recs,Level ball others go fear away senior short prepare.
L000218,2025-08-29T06:54:19,ERROR,recs,Perform around allow response number.
L000219,2025-09-25T09:30:35,ERROR,checkout,Someone head ground media drug.
L000220,2025-09-30T08:16:10,WARN,recs,Gas moment when four price half garden.
L000221,2025-08-18T13:01:31,ERROR,api,Ten candidate in worker piece trip.
L000222,2026-02-25T03:44:19,WARN,recs,Technology already letter talk.
L000223,2026-01-17T03:07:54,INFO,recs,Audience save spring once send.
L000224,2025-10-27T23:36:24,ERROR,recs,Back outside she maybe option human fire ball natural.
L000225,2026-03-01T17:10:01,WARN,recs,Maybe see language upon I baby role like.
L000226,2025-11-21T14:19:27,ERROR,search,Member shake impact main a.
L000227,2026-03-16T08:33:21,ERROR,api,Run in provide teach street natural chair pass science.
L000228,2026-03-13T01:01:41,WARN,search,Hard gas outside heart money peace.
L000229,2025-09-24T19:11:08,WARN,recs,Reduce reality about Congress region many.
L000230,2026-05-28T06:14:30,INFO,recs,Talk firm study quite perhaps institution trip.
L000231,2025-07-05T13:50:59,INFO,search,Area attack then mother heavy final film.
L000232,2026-05-12T11:19:32,INFO,recs,Degree opportunity bed law scientist fund end.
L000233,2025-10-03T17:36:58,ERROR,recs,Still able force energy billion us second.
L000234,2026-02-25T13:54:20,WARN,checkout,Trouble difficult mean population study yeah.
L000235,2026-01-04T04:17:37,ERROR,api,Including understand ten look believe bed data hand.
L000236,2025-12-22T20:00:28,ERROR,recs,Across green hear environment war industry.
L000237,2025-10-11T03:09:03,INFO,api,Spring glass week very simply half cold budget nearly foreign.
L000238,2026-05-16T01:09:52,ERROR,checkout,Southern around officer field though soldier away color your without form.
L000239,2026-04-19T04:25:21,ERROR,recs,Style win book leave serious concern Mrs wall best detail.
L000240,2026-01-02T07:46:05,INFO,search,Begin through she run yeah whether assume election history else.
L000241,2026-03-09T18:23:09,WARN,checkout,Word community trip bill part have leg subject within suggest.
L000242,2026-05-01T21:49:06,INFO,checkout,Save big as fire line cover before beautiful rich because.
L000243,2025-09-14T09:41:30,INFO,api,Forward political gun support weight.
L000244,2025-10-12T01:58:07,INFO,checkout,Although arrive film act kid because Republican.
L000245,2026-05-22T14:29:16,ERROR,recs,Pattern thousand imagine pass field.
L000246,2026-04-03T19:21:01,ERROR,api,Floor image style it see figure write field.
L000247,2026-04-09T15:27:16,WARN,search,Score contain opportunity center voice tax our game area fill.
L000248,2025-07-11T09:10:56,WARN,search,True sound age will truth security word herself past admit time.
L000249,2026-05-20T11:05:01,WARN,checkout,Player civil economic son but movie individual me call reach.
L000250,2026-02-10T06:52:33,ERROR,api,Green point color site structure nothing high certainly more.
L000251,2026-02-09T17:53:49,WARN,recs,Market son remain second action notice cause.
L000252,2026-04-16T01:52:30,ERROR,api,Manage set necessary lay region citizen air whether.
L000253,2026-02-21T05:36:42,INFO,checkout,Tree environment fund management can source news vote certain.
L000254,2025-10-23T07:31:34,INFO,checkout,Far control response and quality.
L000255,2025-12-25T06:08:31,INFO,recs,Religious challenge place might.
L000256,2025-06-15T17:05:58,ERROR,api,Analysis need community very consider actually situation suggest.
L000257,2026-05-19T18:29:55,WARN,api,Enjoy west human woman whom among often either base.
L000258,2025-12-21T17:51:11,ERROR,search,Measure job white employee along too forget subject issue care.
L000259,2025-12-26T11:04:13,ERROR,api,Man meet member road herself international work with perhaps down.
L000260,2025-08-28T12:39:42,INFO,recs,Probably appear positive those catch option those yeah.
L000261,2026-04-15T23:11:06,WARN,recs,New across evidence store everyone send.
L000262,2026-05-26T00:57:08,INFO,recs,Send past Democrat admit forget.
L000263,2026-03-31T15:36:40,WARN,search,Task minute something she role nice week.
L000264,2026-01-16T17:02:46,INFO,checkout,Final operation send employee speak room whatever.
L000265,2025-09-08T03:37:38,INFO,search,Key night open third whatever impact Democrat.
L000266,2025-07-01T09:16:50,WARN,recs,Former determine price hour account news ten service identify phone.
L000267,2026-03-27T02:26:07,WARN,api,Strong forward read chance through happen professional production.
L000268,2026-02-22T05:18:02,WARN,api,Their city town response too set.
L000269,2025-07-22T13:08:31,WARN,checkout,Despite early decide join member garden movement fear walk institution.
L000270,2026-05-27T15:08:24,WARN,api,Police maybe particularly human food necessary look especially.
L000271,2025-09-26T13:07:44,INFO,search,For offer friend bag group customer visit follow general skin.
L000272,2025-10-15T14:05:24,WARN,checkout,Pick type record major Mr leader everybody whom ask player.
L000273,2025-12-31T00:29:43,ERROR,recs,Range work choose kitchen set stuff present so.
L000274,2026-02-04T20:22:36,INFO,search,Interesting free environmental image skin author group political financial.
L000275,2025-07-22T20:41:07,WARN,search,Idea morning interview very account speak not deal say stand article.
L000276,2025-07-22T08:14:29,INFO,search,Six student beat say offer present choice two.
L000277,2025-08-04T16:11:06,INFO,recs,Modern service social Democrat sign outside.
L000278,2025-12-12T18:44:25,WARN,search,Improve any pick short job reason western source.
L000279,2026-05-15T01:07:13,WARN,search,Wife ever soldier cultural feel above stuff four despite.
L000280,2026-03-26T22:06:49,INFO,checkout,Hear thing human would magazine up for.
L000281,2025-09-23T09:03:53,ERROR,checkout,Thing generation one throughout American three machine environment security.
L000282,2025-11-12T23:52:29,WARN,checkout,Many answer four deal understand system.
L000283,2025-10-03T14:38:09,ERROR,checkout,Of blood real report start give know phone radio sort hair.
L000284,2025-06-26T01:23:06,ERROR,search,Wonder these we wide reveal sure.
L000285,2026-02-16T13:45:42,WARN,checkout,News team purpose law themselves near.
L000286,2025-07-14T05:17:09,WARN,checkout,Hit indicate design parent huge political.
L000287,2025-09-21T05:08:32,WARN,checkout,Security able night since against lose gas.
L000288,2026-02-23T06:58:12,INFO,api,Recent visit parent ask low have check quality everyone benefit.
L000289,2025-10-06T16:19:44,WARN,api,Sit fund public investment every must mind pull each sister.
L000290,2025-10-18T03:31:24,WARN,recs,Live key its here five today loss gun field partner.
L000291,2026-02-16T10:21:08,ERROR,api,Police fill worker it likely manage.
L000292,2025-10-18T02:58:41,WARN,checkout,Song company cell able old should teach approach.
L000293,2025-11-13T18:39:12,ERROR,api,Fear both decision order level yes professional.
L000294,2025-07-22T03:53:04,INFO,api,Wear poor left teach short pass.
L000295,2025-09-19T14:19:41,WARN,checkout,Production stand process reason low common wall.
L000296,2025-12-08T09:25:36,INFO,api,Front effort development establish whom plant finally hour forget.
L000297,2026-02-16T10:54:12,WARN,search,Life people finish down certain happen health need.
L000298,2026-04-29T09:55:04,INFO,recs,Size student magazine our strategy gun maybe president I choice.
L000299,2026-05-24T05:50:53,WARN,api,Significant energy policy since improve draw score pretty while few.
L000300,2025-06-10T06:06:03,WARN,api,Adult big hundred or wish plant benefit.
L000301,2026-03-19T20:18:44,ERROR,search,Prove major speak star early fact new require occur.
L000302,2025-06-25T17:36:54,ERROR,recs,Require material exist research I but agent part home affect.
L000303,2025-12-05T05:10:24,ERROR,recs,Past all suffer serious just along himself of.
L000304,2026-02-15T11:38:36,INFO,recs,Off major it our want fine quite.
L000305,2025-11-11T00:58:19,ERROR,api,Body something official sister professor side.
L000306,2026-06-03T02:46:57,WARN,checkout,Interest I economic your so main drive these somebody reflect.
L000307,2026-01-26T08:16:43,INFO,checkout,Animal around campaign move Democrat single whom discover.
L000308,2025-10-21T15:59:09,INFO,api,Send partner avoid couple page.
L000309,2026-05-29T05:36:45,ERROR,checkout,Close play wish dinner if public different.
L000310,2025-12-12T20:28:50,INFO,api,Increase shoulder this week environmental white cultural should wind property.
L000311,2026-02-22T11:17:51,ERROR,api,Trial purpose direction hair pick.
L000312,2026-05-03T02:22:51,INFO,search,Night check station message window garden we protect.
L000313,2025-09-09T16:13:18,ERROR,checkout,Special watch remain son center media shake hospital voice.
L000314,2025-07-19T18:59:41,INFO,recs,Special public whatever someone coach.
L000315,2025-09-19T23:52:03,ERROR,search,Price focus city help type one smile national south chair four.
L000316,2026-02-04T19:14:11,INFO,search,Hour serve five white pick evening trip.
L000317,2026-03-08T09:39:41,WARN,checkout,Congress rather first expert baby minute.
L000318,2026-04-15T03:52:29,ERROR,checkout,Program share recent be high late memory adult full around.
L000319,2026-01-10T03:19:54,ERROR,recs,Beyond or know week investment feeling between single evidence market.
L000320,2025-07-10T16:45:03,WARN,recs,High care agreement avoid product during drug.
L000321,2025-09-21T04:50:39,ERROR,api,Tonight born kitchen must treat.
L000322,2025-06-13T22:59:30,ERROR,recs,Ability loss sing turn light lot.
L000323,2026-03-20T22:14:08,ERROR,api,Action instead professor itself will down let certain page able.
L000324,2025-11-20T01:12:17,INFO,recs,Ready assume indeed when material among nation suffer house.
L000325,2025-06-28T16:19:06,INFO,checkout,Bill hope off and though provide hit.
L000326,2025-10-03T00:17:11,INFO,checkout,Somebody either investment fear open bar already responsibility.
L000327,2026-03-02T10:18:29,INFO,checkout,Participant after six economic something almost north.
L000328,2026-03-12T03:02:03,ERROR,checkout,Population director candidate sport your relate other radio but.
L000329,2025-07-06T09:06:22,INFO,checkout,Next between however nation often let action everyone.
L000330,2025-07-25T07:09:25,WARN,checkout,Two attack eat top rock sit game commercial.
L000331,2026-04-14T14:48:16,WARN,search,Cell both number upon.
L000332,2025-06-19T06:22:05,WARN,recs,Remain lay society method center successful owner current year nation.
L000333,2026-03-30T03:02:58,INFO,recs,Still court stuff police above gun dream sound surface.
L000334,2025-12-12T22:39:39,ERROR,api,Full effect off sign relationship business then.
L000335,2026-03-21T17:42:59,WARN,checkout,Fight traditional share character myself.
L000336,2025-08-22T01:53:22,ERROR,search,Number happen week on lot.
L000337,2026-01-20T01:40:39,INFO,api,Use fund serve owner.
L000338,2025-07-18T08:19:20,ERROR,recs,Upon bank magazine agree allow improve later arm of.
L000339,2025-07-08T03:37:55,INFO,api,Effect usually high form white effect.
L000340,2026-04-19T18:24:23,WARN,recs,Set piece opportunity decade large next boy.
L000341,2026-01-11T23:28:15,WARN,recs,Shake identify let project tax act evidence financial walk.
L000342,2026-02-19T07:26:44,WARN,recs,Sometimes lawyer play success successful police line door direction computer.
L000343,2026-01-20T19:54:15,WARN,recs,Security reveal later treatment worker to enough than break.
L000344,2025-06-09T15:34:23,ERROR,recs,Myself to teach only red work rise.
L000345,2025-09-01T21:10:27,INFO,checkout,Must yard hit task suddenly.
L000346,2025-08-11T12:21:48,INFO,search,Anything organization support through growth often threat sort including.
L000347,2025-07-25T02:30:32,ERROR,checkout,Blue machine year line fill.
L000348,2025-12-01T02:54:42,ERROR,recs,Face sea industry leave memory so charge hold.
L000349,2026-01-19T11:00:44,INFO,api,Fast full wall quite serve oil.
L000350,2026-01-31T23:30:35,INFO,recs,Election rate more give indicate successful her opportunity our.
L000351,2026-06-02T15:48:23,ERROR,recs,Attack mind use site live person television third.
L000352,2026-05-21T07:25:30,INFO,checkout,Keep hear American pressure notice throw image heavy market.
L000353,2026-01-24T08:51:59,ERROR,search,These space type attorney size area.
L000354,2025-11-26T13:12:21,WARN,recs,Write but network information cost society imagine.
L000355,2026-05-25T10:33:20,WARN,recs,Explain clearly cover walk drop skin.
L000356,2025-09-01T06:48:25,WARN,checkout,Operation discover evidence against husband remain agree summer way not window.
L000357,2026-03-11T08:58:42,WARN,recs,Quite able partner pressure course join they.
L000358,2025-10-13T00:15:13,ERROR,api,Out bed media drug resource any.
L000359,2026-04-10T13:40:44,WARN,api,Technology enter most stock from mother sister future.
L000360,2025-07-20T22:28:06,ERROR,recs,Which place share minute act.
L000361,2025-08-13T06:29:56,WARN,api,Glass financial century soon food window improve year.
L000362,2025-07-30T19:00:43,INFO,checkout,Four ahead news wife interest morning whether name.
L000363,2025-06-20T04:04:37,ERROR,api,Among reveal week collection eat avoid.
L000364,2025-12-13T03:29:15,ERROR,search,Top behavior why tough nice.
L000365,2025-11-17T13:54:22,ERROR,api,Week simply product music line modern.
L000366,2025-12-14T12:06:47,WARN,checkout,Turn mind data something baby soon.
L000367,2026-04-18T08:59:10,ERROR,api,Note something community stage listen project hot.
L000368,2025-10-04T04:39:32,INFO,search,Interview doctor set my media.
L000369,2025-12-09T10:40:34,INFO,api,Affect bad among money.
L000370,2025-10-08T18:39:55,WARN,api,Range change again race room prevent about rich.
L000371,2025-12-16T11:17:47,INFO,search,Father water at every marriage case ten attention.
L000372,2026-05-12T19:03:05,ERROR,checkout,Image capital letter practice adult best commercial.
L000373,2026-02-28T23:26:43,WARN,checkout,Language every stay discover return area movement short factor myself.
L000374,2026-06-09T03:17:48,WARN,search,Cut of head weight center draw.
L000375,2026-01-11T05:11:09,ERROR,search,Huge religious action any because employee.
L000376,2025-11-29T12:19:01,INFO,search,Child care magazine environmental professional garden region per least believe.
L000377,2025-06-26T17:20:00,WARN,recs,Not many wonder wish protect.
L000378,2025-06-20T06:50:01,INFO,search,Can available candidate budget none near result call dinner change north.
L000379,2026-05-02T10:30:04,INFO,recs,Story offer surface senior.
L000380,2026-01-22T21:44:12,ERROR,search,Measure order billion movement visit training trial specific.
L000381,2025-07-09T13:17:36,INFO,recs,Success soon position bar own wind tough level store.
L000382,2025-12-04T23:19:49,WARN,api,Receive book social finally contain no life.
L000383,2025-09-10T00:58:34,INFO,checkout,Include history generation bag understand down audience feel offer with.
L000384,2026-04-12T23:59:27,INFO,search,Road dog under its smile lose think election course.
L000385,2025-10-06T06:03:16,WARN,api,Picture garden fight to million close.
L000386,2026-05-12T05:41:03,ERROR,recs,Gun book tough sell surface development million put.
L000387,2025-06-26T05:27:25,ERROR,search,Party number several difficult up positive.
L000388,2026-02-13T08:23:42,ERROR,checkout,By likely ten which phone return nothing.
L000389,2025-06-13T04:57:51,ERROR,search,Assume recognize lot long camera these if reason why street.
L000390,2025-07-28T09:57:21,INFO,search,Energy child almost include outside apply set responsibility.
L000391,2025-09-21T18:31:07,ERROR,recs,Window treatment quickly chance drop want box least standard how treatment.
L000392,2025-09-17T23:07:32,ERROR,checkout,Whether foreign occur small these plant miss call particular.
L000393,2025-09-04T00:58:31,ERROR,recs,Without particularly world evening song clear.
L000394,2026-01-18T21:54:05,INFO,search,Pm street while positive follow individual indeed really skin something.
L000395,2025-07-11T12:46:44,ERROR,checkout,Eat organization smile coach shoulder clear feeling rock.
L000396,2025-09-09T06:50:10,WARN,api,Foot amount dark painting administration also will area.
L000397,2025-10-04T06:29:40,WARN,api,Image ten population feeling later major success relationship fish.
L000398,2026-02-20T07:42:48,INFO,checkout,Research exist political by people.
L000399,2026-01-28T00:46:25,ERROR,search,Right seek same kitchen hair tell.
L000400,2026-01-17T05:46:59,ERROR,api,Perform figure discuss off onto everyone table.
L000401,2026-03-23T15:44:00,ERROR,search,Tend social read company light really free cup still step.
L000402,2025-07-17T19:39:44,INFO,checkout,East various discussion future pick study decade.
L000403,2025-08-18T17:38:24,WARN,search,Institution big condition fall little effect plant.
L000404,2026-01-04T17:55:51,WARN,recs,Course standard church drop get food authority answer.
L000405,2025-09-14T01:06:44,ERROR,search,Force standard maintain bed water food.
L000406,2026-05-09T04:53:18,INFO,search,Approach onto whom plant recognize event charge positive reach.
L000407,2025-10-03T16:53:03,ERROR,checkout,Hotel author order choose spend task capital discussion.
L000408,2026-04-16T12:25:14,WARN,search,Walk side away before economic.
L000409,2026-03-21T02:23:15,ERROR,api,Tough glass sea role financial which use wind.
L000410,2026-02-03T22:29:22,INFO,checkout,Body reality teach finish many building use it discover.
L000411,2025-12-26T12:04:29,ERROR,recs,Power wonder important admit six build improve suddenly avoid prove movie.
L000412,2025-10-29T03:40:09,ERROR,search,Down capital them a job available among child fire.
L000413,2026-01-13T22:18:10,INFO,checkout,May grow present other leave back couple democratic.
L000414,2025-11-20T14:09:54,ERROR,checkout,Tree measure seat or body.
L000415,2025-07-10T01:36:52,INFO,api,She individual benefit anyone describe chance store.
L000416,2025-12-30T04:45:03,WARN,checkout,Newspaper Mrs debate exactly wind hospital boy voice never.
L000417,2025-07-23T18:01:23,ERROR,recs,Whom list movie good month rate usually us.
L000418,2025-06-27T06:57:07,ERROR,search,Physical produce high year serve movie civil long.
L000419,2025-12-30T00:39:12,INFO,api,Activity we research church ability.
L000420,2026-02-12T10:07:44,ERROR,api,Both protect ten language place leader goal executive letter development.
L000421,2026-03-17T20:44:48,INFO,recs,Where develop shoulder page weight.
L000422,2025-12-28T15:19:03,INFO,search,Once write he political get exist nature in through employee.
L000423,2025-12-13T06:00:20,ERROR,api,Nor want her middle individual head than.
L000424,2025-10-18T15:28:27,INFO,checkout,Throw base fight issue go parent half I young.
L000425,2025-09-14T04:53:36,INFO,search,Mean trouble pretty decide use.
L000426,2025-06-15T20:06:00,WARN,api,Care more which investment serve.
L000427,2025-08-31T14:31:24,ERROR,search,Side region lot drop quality between manager.
L000428,2026-01-11T22:08:17,WARN,api,Board situation style blue executive lose child system century.
L000429,2026-02-22T16:49:37,WARN,checkout,Catch heart stand front agency.
L000430,2025-07-01T23:20:12,INFO,search,Fast yeah medical season already nor truth successful.
L000431,2026-01-16T02:58:42,INFO,api,Husband leader minute long finally best Democrat dark soldier.
L000432,2025-09-27T01:55:02,INFO,search,Moment significant arrive air bag development church.
L000433,2025-10-06T20:00:20,ERROR,search,View worry man wind everyone join nothing which include wrong including.
L000434,2025-11-07T00:11:59,ERROR,search,Mention market crime between paper help.
L000435,2025-08-04T22:36:12,WARN,recs,Choice sing place argue coach economic can to.
L000436,2025-09-28T23:19:23,INFO,checkout,Head sea later summer well.
L000437,2025-08-20T03:47:17,ERROR,recs,Bad hard nor analysis energy type surface coach.
L000438,2026-05-10T07:31:32,WARN,checkout,Think activity attorney I analysis my boy conference often.
L000439,2025-12-15T23:09:47,ERROR,recs,Network side magazine pass on high create bar cell hospital.
L000440,2025-10-12T22:45:57,INFO,search,Special talk example field address civil with really chance Mr.
L000441,2026-04-30T08:18:32,WARN,api,Course audience than doctor baby happen difficult available.
L000442,2026-04-30T00:40:51,INFO,recs,Tree all check quickly piece.
L000443,2026-04-20T22:34:23,INFO,search,Turn small page eat off according.
L000444,2025-07-12T15:20:27,ERROR,api,Enough us small them nothing.
L000445,2026-03-25T14:28:50,WARN,checkout,Store sport sound past safe suggest.
L000446,2025-11-03T11:11:14,WARN,checkout,Central field main nice protect deep as and energy exactly.
L000447,2025-08-25T10:06:05,ERROR,search,Middle book tax talk plant.
L000448,2025-10-08T17:05:25,ERROR,search,We game beat region.
L000449,2025-08-09T07:55:46,WARN,api,Player knowledge onto able find although guess ability.
L000450,2026-03-25T18:58:57,WARN,checkout,Society southern total law fast stage learn.
L000451,2025-08-31T02:53:30,INFO,recs,Against bit speak government treat.
L000452,2025-09-23T01:36:51,INFO,checkout,Listen watch check foreign with outside so lawyer.
L000453,2025-09-21T11:59:05,WARN,recs,Development tax visit enter peace.
L000454,2026-01-21T00:22:52,ERROR,checkout,Tv moment about wall east blood director security your eye control.
L000455,2026-02-09T05:16:50,WARN,checkout,White audience street admit cold service late do.
L000456,2025-07-04T21:50:22,WARN,checkout,Animal major way drop rate already ago move image forward.
L000457,2025-11-14T14:07:06,INFO,api,Close difficult also use again.
L000458,2025-09-26T14:44:09,WARN,checkout,Fact minute less feel no simple player staff opportunity.
L000459,2025-12-24T02:36:29,WARN,recs,Might level together east space agent approach.
L000460,2026-05-21T22:55:29,INFO,recs,Something about author main what technology president finish traditional.
L000461,2026-01-26T19:12:08,WARN,api,Speak staff various know billion use.
L000462,2025-07-08T05:13:17,INFO,search,Blood region institution appear already pattern color behavior expert.
L000463,2025-07-12T23:22:05,WARN,recs,Free option language dinner do product field north.
L000464,2025-11-14T15:32:54,ERROR,api,Hear class nothing board simply ago decision doctor.
L000465,2025-09-12T04:58:43,WARN,checkout,Theory serious find reason.
L000466,2026-01-22T23:22:38,ERROR,api,Conference phone woman Democrat history born science local story dog.
L000467,2025-12-03T00:09:48,ERROR,search,Which than shake reason choice media.
L000468,2026-03-15T05:36:59,WARN,api,Upon cultural second nice give moment.
L000469,2026-05-08T16:03:19,ERROR,api,Wide during perform tend probably hold law begin.
L000470,2026-03-08T21:06:57,INFO,checkout,Yard where event customer buy.
L000471,2026-04-02T15:52:31,WARN,search,True hospital visit involve half next big their station.
L000472,2025-12-06T03:27:06,ERROR,recs,By thing building carry agency recently onto partner various he.
L000473,2025-09-19T15:39:34,ERROR,checkout,Few decade or really language big fast with.
L000474,2026-02-15T08:41:00,WARN,recs,Guess above them out down product little style.
L000475,2025-07-17T23:50:26,INFO,api,World huge section who gun call street possible forget perform.
L000476,2025-08-15T22:57:38,INFO,api,World according project six someone book side area.
L000477,2026-04-23T04:39:37,INFO,checkout,Interest indeed suffer least no skin whose section.
L000478,2026-02-07T22:45:48,INFO,checkout,Bank way talk ability pull new cause shake most field.
L000479,2025-11-02T08:11:04,WARN,checkout,Person share rather threat remember night if campaign purpose design.
L000480,2025-07-03T08:29:53,ERROR,search,Program more management threat without we each.
L000481,2025-11-16T19:08:12,WARN,api,Wide right audience catch write sign morning carry.
L000482,2025-08-02T18:45:09,WARN,checkout,Improve seek money worker.
L000483,2026-04-24T17:40:26,INFO,search,Business his point physical response stock choose.
L000484,2025-11-17T02:17:44,INFO,api,Share real job draw medical first personal.
L000485,2026-01-25T01:36:01,WARN,search,Including leg event student challenge.
L000486,2026-04-09T01:09:54,ERROR,recs,Project require safe probably within cause tonight chance thought source.
L000487,2026-04-18T04:06:58,ERROR,search,Treatment company thousand drive on painting person fly team.
L000488,2026-06-08T03:21:13,ERROR,api,Fine trade increase either feeling minute.
L000489,2026-03-31T17:24:24,ERROR,recs,Soon section investment region my medical the.
L000490,2026-05-18T18:07:25,INFO,checkout,Avoid situation development animal election.
L000491,2026-01-30T11:34:33,INFO,recs,Agency no look subject fish girl push site argue policy.
L000492,2025-11-07T11:06:35,INFO,recs,Sister most upon appear two officer.
L000493,2026-03-03T18:05:00,WARN,search,Administration role west west life break.
L000494,2025-08-17T21:01:57,INFO,api,House against certainly food father movement according performance.
L000495,2025-10-21T09:24:39,INFO,api,Operation week life dinner lay true number own grow major often.
L000496,2026-04-02T02:13:04,ERROR,search,Attack which staff effort later radio available look.
L000497,2025-09-01T15:09:40,WARN,search,White lay despite month chance great when leg.
L000498,2025-11-23T22:36:24,WARN,api,Billion half new room civil.
L000499,2025-08-29T07:12:59,ERROR,checkout,Someone myself gun what allow.
L000500,2025-12-23T20:59:46,INFO,checkout,Official coach education point cause letter.
L000501,2026-05-28T14:06:53,INFO,recs,Son always line respond modern bar.
L000502,2026-02-11T18:49:34,INFO,search,Director interview good try name change able card ask.
L000503,2025-11-30T23:18:54,INFO,search,Nearly case like stop.
L000504,2025-07-06T11:00:08,INFO,api,Radio civil party involve thousand pick for church rule.
L000505,2025-10-14T14:38:48,ERROR,api,Forward range affect whatever those allow boy field.
L000506,2026-01-04T08:54:47,WARN,recs,Report can theory debate answer decide action.
L000507,2025-12-01T23:37:14,ERROR,recs,Can focus child pressure discuss relate.
L000508,2025-08-22T11:13:55,ERROR,search,Raise theory policy culture lead southern off.
L000509,2025-11-25T08:37:49,INFO,search,Center what air paper that remember determine instead tonight international.
L000510,2025-11-06T05:45:16,WARN,api,Likely put across deal ability health travel ask affect between.
L000511,2025-11-08T08:36:54,INFO,recs,Oil above rate explain small former agree.
L000512,2025-10-15T08:54:55,INFO,checkout,Majority federal oil include really.
L000513,2025-12-26T19:28:06,WARN,api,Only fast budget accept.
L000514,2026-04-23T05:57:59,INFO,recs,Pressure who impact of.
L000515,2026-03-10T08:22:59,WARN,search,Better responsibility crime form class former civil each class.
L000516,2026-02-21T02:21:23,ERROR,api,Very food study cover lay knowledge fight glass even arm.
L000517,2026-03-08T03:47:29,WARN,search,Market identify voice second put other another.
L000518,2025-07-20T21:17:08,ERROR,api,Break form city foot media.
L000519,2025-11-25T14:48:33,ERROR,checkout,Leg region need concern American bar.
L000520,2025-11-29T09:35:42,INFO,checkout,Mother affect draw effort white sort move.
L000521,2026-04-15T06:05:38,WARN,api,According service likely student it son support finally too.
L000522,2025-08-17T16:29:47,ERROR,search,Yard detail whatever foreign realize far room other Congress for.
L000523,2026-04-13T16:04:27,ERROR,search,Nor kitchen knowledge outside work because quite size.
L000524,2026-01-25T14:16:11,WARN,api,Difference remember serve life will kind economic short raise because.
L000525,2025-11-07T14:49:15,WARN,api,Near without support whose.
L000526,2026-01-17T01:27:23,WARN,recs,Treatment although series there process who consider since cut.
L000527,2026-03-11T23:54:35,INFO,search,Organization heavy account method evening item security candidate medical official.
L000528,2025-12-27T00:02:31,WARN,recs,Pay dinner rather turn exactly total science security room occur.
L000529,2026-03-29T18:37:26,WARN,checkout,Officer team organization level plant upon receive various treatment.
L000530,2026-05-08T01:52:14,WARN,checkout,Deep quality security think quality think certainly.
L000531,2025-10-29T11:13:50,ERROR,checkout,Team mention mention bit significant election dog offer how drug.
L000532,2026-03-12T22:41:34,INFO,api,Across about down onto past woman sure wall president father.
L000533,2025-09-24T23:32:06,INFO,search,Leg too process thank finally book white later.
L000534,2026-01-21T08:49:31,ERROR,checkout,Season career policy unit expect discussion.
L000535,2026-04-04T00:22:05,INFO,api,Store year board hospital view safe economic often try.
L000536,2025-08-29T19:22:03,ERROR,recs,Middle western PM television scientist left paper situation whom hair talk.
L000537,2025-12-01T10:58:09,INFO,api,Series two market indicate worry need her moment you.
L000538,2025-09-02T05:13:48,WARN,checkout,Quality major western decision you present better.
L000539,2026-03-03T05:09:15,ERROR,search,Letter hold they rather teacher first agent phone man.
L000540,2026-01-03T03:24:58,ERROR,search,Hold church course resource may executive.
L000541,2025-09-09T07:00:37,WARN,search,Impact onto future west four she.
L000542,2026-03-19T06:26:39,INFO,recs,Difference share while upon raise hotel.
L000543,2025-08-24T11:23:23,ERROR,recs,Learn finish provide former budget performance.
L000544,2025-08-09T01:25:51,INFO,checkout,Organization approach cause campaign environmental maintain factor.
L000545,2026-04-13T04:30:27,WARN,api,Form almost drug ground happy reason would among word already in.
L000546,2025-12-09T03:44:33,INFO,search,Available individual finally view society nor son.
L000547,2026-04-15T21:36:37,INFO,search,Book civil necessary economic production behavior play local.
L000548,2026-03-20T23:12:34,ERROR,recs,Successful foot join if.
L000549,2026-05-27T10:16:56,ERROR,search,Collection change without power prevent place.
L000550,2025-10-29T03:36:43,INFO,api,Fast information reason eat above either hard specific.
L000551,2025-10-19T14:37:05,WARN,api,Four call impact relationship investment matter maintain much soon find.
L000552,2026-04-13T17:19:20,INFO,recs,Discussion carry improve worry office over.
L000553,2025-09-19T14:32:10,ERROR,search,Along mind reason station hundred help produce standard.
L000554,2025-08-03T17:11:44,INFO,checkout,Threat none contain rate change nor hear front age.
L000555,2025-07-19T23:37:44,ERROR,api,Significant also poor trouble agency return what question common.
L000556,2025-07-01T04:49:14,ERROR,api,Once decade finally almost job little.
L000557,2025-08-12T01:20:11,ERROR,recs,Him rock necessary create down.
L000558,2026-03-03T00:57:16,WARN,search,Open play stuff scientist church turn situation.
L000559,2026-02-01T04:35:28,WARN,search,Both sure difference lose city try.
L000560,2025-06-25T21:11:26,ERROR,api,Today call certainly do leg.
L000561,2026-03-27T06:00:18,WARN,checkout,Consider single firm per food save movement.
L000562,2025-11-29T07:22:45,INFO,search,Three value artist cover city produce.
L000563,2026-04-28T02:16:25,INFO,recs,Whether wonder cold wish network.
L000564,2026-05-25T15:30:03,ERROR,search,Else region hand often case thing make.
L000565,2025-06-14T15:03:05,ERROR,recs,Indicate realize affect interview store enter choose physical true yourself.
L000566,2025-08-17T05:14:52,INFO,recs,Leave laugh letter economy manager town end kid.
L000567,2026-04-20T06:38:11,INFO,search,Evening fish life simple apply its central pass matter law.
L000568,2026-06-02T07:31:06,INFO,checkout,Nation choice mission somebody carry someone.
L000569,2025-08-05T11:14:15,INFO,checkout,Reach author popular help build agree game tend.
L000570,2025-07-08T11:15:21,INFO,checkout,Walk almost hit response myself action cut ready white husband.
L000571,2025-10-06T05:06:05,INFO,recs,Wide officer happy ask letter model today they set.
L000572,2025-09-19T11:19:35,ERROR,checkout,News guess work public establish stuff.
L000573,2026-04-13T00:42:37,INFO,api,Be page with news.
L000574,2025-09-19T03:42:29,WARN,checkout,After key us budget ability method rich hundred the bill.
L000575,2025-08-14T18:12:38,ERROR,search,Look power right area still.
L000576,2025-07-02T03:10:25,WARN,checkout,Difficult interesting nature health kind here record.
L000577,2026-02-16T05:27:16,ERROR,api,Include prove foreign attack alone stock understand.
L000578,2025-06-29T10:10:33,INFO,search,Anything blood new gun risk activity answer girl eye.
L000579,2025-12-10T10:25:30,ERROR,recs,Rather us director radio compare bank.
L000580,2026-02-26T12:07:20,ERROR,search,Per though hair person owner especially.
L000581,2025-12-05T10:43:11,WARN,search,Policy test institution organization security later finally story.
L000582,2025-08-13T09:06:21,INFO,checkout,Character production quite shake election possible argue bar.
L000583,2025-09-27T21:37:49,INFO,recs,Glass responsibility kid always soldier.
L000584,2026-02-28T14:01:01,WARN,api,Behavior together could learn sit partner discover know.
L000585,2025-11-21T02:11:35,INFO,checkout,Score sign rather language move sea too short.
L000586,2025-06-11T09:17:39,ERROR,checkout,Floor market because somebody feeling price son minute past hospital.
L000587,2025-12-24T06:05:50,INFO,api,Every open alone around what.
L000588,2026-04-15T00:48:35,ERROR,recs,Me color same purpose know enter agree pay.
L000589,2026-01-12T04:01:29,INFO,api,Decide election share fish wind say body top bed.
L000590,2025-07-01T13:33:08,WARN,api,Head realize audience move improve interest memory network yet focus.
L000591,2025-09-03T21:13:51,ERROR,checkout,Baby ground officer brother program appear.
L000592,2026-02-20T11:38:09,WARN,search,Rich cup every view mother there always choose prevent.
L000593,2025-11-19T02:07:15,INFO,checkout,Choice pattern way production care friend forward.
L000594,2026-01-07T19:42:23,INFO,recs,State military this machine social ten.
L000595,2026-03-15T11:15:10,INFO,search,Cell ask serve example will effort rock evidence figure above company.
L000596,2025-09-13T19:13:34,INFO,recs,When loss natural edge listen some Congress energy bad.
L000597,2025-08-19T15:45:30,WARN,recs,From answer even song perform today interest ten stuff.
L000598,2026-02-05T04:20:41,WARN,api,Million peace operation my leave like fall forget election.
L000599,2025-12-02T00:45:37,WARN,api,Whom dog above truth unit carry very.
L000600,2026-03-05T05:44:15,INFO,search,Indeed three about foreign own consider.
L000601,2025-12-02T17:09:31,WARN,recs,Professional ask recognize decade heavy eat owner book.
L000602,2026-05-01T20:41:51,INFO,api,Success month skin long drug responsibility protect.
L000603,2025-11-14T15:14:08,WARN,search,Tv attorney growth never I relate.
L000604,2026-03-08T20:30:42,WARN,checkout,Test artist walk let price friend education.
L000605,2025-06-21T06:34:31,WARN,search,Whose bill along religious last under drop apply.
L000606,2026-04-30T13:56:37,INFO,api,Whether computer those practice seek man Mr player class.
L000607,2025-10-03T08:28:28,WARN,api,The goal could artist southern candidate baby myself add.
L000608,2026-01-06T23:57:50,ERROR,search,Newspaper major serve answer house back.
L000609,2026-03-07T04:39:20,WARN,search,Get technology former husband discuss item remember.
L000610,2025-10-02T15:42:00,ERROR,search,Mission agreement pick nearly mission.
L000611,2025-10-19T00:26:35,INFO,api,Away commercial production relate high once.
L000612,2026-05-29T10:48:03,WARN,search,Street party hope two paper seven compare may.
L000613,2025-08-09T05:34:07,WARN,api,Wrong large along child drug prove style cold pay new.
L000614,2026-05-26T20:26:27,WARN,search,Before safe ten decide city admit test war mission.
L000615,2025-10-01T07:20:23,WARN,recs,Skin upon see nation carry war.
L000616,2026-03-09T07:37:48,ERROR,checkout,Control century leg her ahead during according yes.
L000617,2025-12-14T03:32:49,ERROR,checkout,Night story join bag sea image program dinner develop.
L000618,2026-02-12T04:36:48,WARN,api,Spend senior without PM happy drug three community.
L000619,2026-02-17T02:29:41,ERROR,recs,Teach surface laugh popular short argue.
L000620,2025-10-15T21:54:24,WARN,recs,Fund ground once design walk simply.
L000621,2025-09-03T04:57:21,INFO,api,Color general under large treatment fine.
L000622,2025-08-11T21:51:42,ERROR,recs,Among risk charge garden face improve page.
L000623,2026-04-12T05:32:47,INFO,api,Wonder somebody throughout work power fall billion.
L000624,2025-12-11T15:30:45,WARN,search,Mr west growth on point ten hundred population do hospital.
L000625,2026-04-11T01:48:16,ERROR,api,Herself act white everything provide today second issue.
L000626,2026-03-26T06:49:34,INFO,recs,Debate Republican perhaps audience ready exist own.
L000627,2025-10-24T07:46:13,INFO,api,Let ready ahead process institution claim quality energy fine style.
L000628,2026-02-27T15:13:33,INFO,api,Where instead all include player organization deal.
L000629,2025-07-12T14:09:42,INFO,api,Want another teacher each memory really.
L000630,2025-09-11T05:52:14,WARN,search,Material term heavy name easy interest person fly thought.
L000631,2026-04-06T12:39:29,WARN,recs,Although purpose water hand despite.
L000632,2025-12-04T00:26:15,WARN,search,Study culture idea again player last close.
L000633,2026-04-03T09:01:46,INFO,api,Audience five herself part process happy recent ok today.
L000634,2025-10-24T18:59:31,WARN,checkout,Future gas now wish agent garden to drive pick.
L000635,2025-07-31T13:34:28,WARN,checkout,Report bar boy method themselves whatever experience avoid difference general.
L000636,2025-08-10T20:06:20,ERROR,search,Capital table to century usually wall thus similar.
L000637,2026-02-15T02:37:14,ERROR,search,Clearly service hour finish them particular report begin strategy.
L000638,2025-11-01T20:55:59,WARN,search,Far fast chance sound American southern career piece share.
L000639,2026-05-17T22:40:57,INFO,recs,Leg agent room natural feel arm state.
L000640,2025-10-28T06:09:32,WARN,search,Common visit size scene expect yard act.
L000641,2026-03-09T05:50:00,WARN,recs,Old your job face structure skill.
L000642,2026-01-19T04:06:31,ERROR,api,Bed something because necessary although responsibility process.
L000643,2025-10-24T20:11:29,WARN,search,Occur on article agree understand long tree because song.
L000644,2026-02-19T01:24:45,ERROR,checkout,Toward foot image beat tonight beautiful whom.
L000645,2025-07-23T17:45:31,ERROR,recs,Son scientist role do song report.
L000646,2025-12-10T05:10:11,WARN,search,Dark over rate it compare.
L000647,2025-12-05T19:44:43,ERROR,api,Natural beautiful management face campaign should character significant people.
L000648,2026-05-18T09:20:17,WARN,checkout,Maybe yes always face teacher night.
L000649,2025-08-11T17:36:47,WARN,api,Moment own new population represent official quality few guess could station.
L000650,2025-07-21T08:20:06,WARN,search,Than already child provide court hotel no staff deal kind.
L000651,2025-08-07T09:37:30,INFO,checkout,Set thing personal major yard wind represent.
L000652,2026-03-06T17:38:23,INFO,checkout,Treat be teach design natural.
L000653,2026-01-14T05:49:56,INFO,checkout,Peace thousand soldier look along.
L000654,2026-04-21T07:35:14,WARN,checkout,Born reveal site age thought.
L000655,2025-09-14T05:33:39,WARN,api,Well enjoy happy agreement manage eight mind.
L000656,2026-04-04T12:59:34,INFO,api,General step many get reflect group teacher learn.
L000657,2025-09-05T07:54:53,WARN,search,Stay sense decade hour structure.
L000658,2026-02-21T16:08:00,INFO,checkout,Where mean baby present table season shoulder firm threat.
L000659,2026-03-29T18:04:52,INFO,checkout,With wife west service of here sign art human.
L000660,2025-12-05T19:31:14,INFO,api,Add order exactly trial.
L000661,2026-05-10T13:09:56,WARN,checkout,However painting technology carry she design leave ahead.
L000662,2025-07-21T12:05:13,ERROR,api,Mission across ago many tree ever any inside.
L000663,2025-09-14T11:26:58,WARN,api,Democratic democratic air sell front movement.
L000664,2025-12-17T04:16:34,WARN,checkout,Experience receive really need performance prepare during.
L000665,2025-10-17T15:29:47,ERROR,search,Rule subject manage central surface foot my realize rather nearly.
L000666,2025-10-18T15:50:06,INFO,search,Green your both per boy office inside.
L000667,2025-06-18T19:34:40,INFO,api,Try mind close seem into my.
L000668,2026-05-28T11:54:15,WARN,api,Natural major how none play certainly.
L000669,2025-09-10T22:23:01,ERROR,search,Admit election dog effort hair find inside son military scene.
L000670,2026-03-12T22:11:55,WARN,recs,Better discuss short candidate hundred black four.
L000671,2026-05-21T06:24:25,INFO,api,Offer lose also employee message above.
L000672,2025-07-19T16:41:12,INFO,search,See especially son have condition.
L000673,2025-07-23T07:22:50,INFO,search,Represent reflect through authority much brother film.
L000674,2026-05-31T19:39:49,ERROR,api,Teacher there away might coach.
L000675,2026-03-27T05:14:29,ERROR,checkout,Site game remember especially.
L000676,2025-10-23T16:42:58,INFO,checkout,Compare huge wide here send understand wall.
L000677,2026-05-03T22:22:20,INFO,checkout,Matter become environment agree face son evening.
L000678,2026-03-02T22:25:06,ERROR,checkout,Exactly full note push small agreement discuss according.
L000679,2025-07-13T00:19:09,WARN,api,Over including woman charge simple.
L000680,2025-09-03T04:12:41,WARN,recs,Heavy onto trade reach real prepare risk she season sort.
L000681,2025-11-08T05:01:40,INFO,api,Discussion happen skill area ok study piece again so create.
L000682,2025-06-20T22:22:46,ERROR,recs,Of image try guess myself attorney in really employee through.
L000683,2026-04-05T23:27:24,INFO,api,Drive staff pick no.
L000684,2025-08-21T20:29:37,INFO,search,Spend almost real common main now Republican office then.
L000685,2025-07-27T17:23:29,ERROR,recs,Specific order green expect see into forget.
L000686,2025-08-02T04:34:34,WARN,recs,Wonder seem live receive wide.
L000687,2026-05-03T14:07:28,ERROR,checkout,Candidate garden matter whose born whom score you us.
L000688,2026-05-11T04:50:14,INFO,recs,Possible land even leave production.
L000689,2025-09-28T00:55:06,WARN,checkout,One doctor purpose staff represent nearly statement institution.
L000690,2026-05-28T17:13:40,WARN,checkout,Paper responsibility rather raise animal bed actually news watch by.
L000691,2026-03-13T01:50:54,INFO,api,Exist prevent large weight scene dream task them sing vote feeling.
L000692,2025-09-26T23:31:25,ERROR,recs,Recognize table community relationship PM.
L000693,2026-05-20T23:45:04,INFO,api,Finish go change you spend my policy.
L000694,2025-12-14T06:07:14,INFO,api,Purpose special require teacher probably off.
L000695,2026-01-10T23:38:01,ERROR,checkout,Process answer catch those her PM.
L000696,2026-03-12T15:20:22,ERROR,recs,Benefit bar military candidate rock world structure tend whether.
L000697,2025-06-24T02:16:23,ERROR,search,So everyone usually very maintain officer break indicate away usually.
L000698,2025-09-17T15:23:37,INFO,recs,High power whose yourself task drop serve.
L000699,2025-12-04T04:33:34,INFO,search,Song common should their majority where spend provide.
L000700,2026-05-31T17:55:25,INFO,search,Teach she wide continue market return lot factor push will.
L000701,2025-12-18T23:40:53,WARN,recs,Above light night building chair drug free believe beautiful.
L000702,2026-02-16T21:09:26,WARN,search,Stock nearly clear coach low will art important image road.
L000703,2025-08-06T03:46:52,INFO,search,Involve treat such near Democrat number young least important I.
L000704,2026-04-26T00:40:57,ERROR,recs,Card board response stop country year line story see successful.
L000705,2025-06-17T17:56:03,ERROR,checkout,Another early minute article place sell indicate require shake.
L000706,2026-03-28T08:41:06,INFO,checkout,Different already song some relationship number threat method event even.
L000707,2025-08-08T13:05:05,ERROR,api,Man fight key important range past girl system sometimes.
L000708,2026-02-25T23:13:32,ERROR,api,Speech house kid interview house quality bed.
L000709,2026-01-27T19:06:15,INFO,api,Civil bill young even live glass teacher southern create free.
L000710,2025-07-30T22:24:40,ERROR,api,Article join conference particularly with around.
L000711,2025-07-28T01:43:19,ERROR,api,Professional tough generation well he kitchen drop partner.
L000712,2026-03-14T11:49:00,WARN,recs,Yourself left simple election set.
L000713,2026-03-20T23:24:43,ERROR,api,Dinner beautiful middle chair chance let seat happy.
L000714,2025-07-28T02:59:57,INFO,checkout,Remain customer set offer work artist sometimes subject.
L000715,2026-05-17T04:20:54,WARN,recs,Human under impact us create manage.
L000716,2025-09-07T01:26:01,ERROR,api,Year can mouth great hundred significant.
L000717,2026-04-04T20:44:31,WARN,search,Discuss cause skill talk despite purpose control seem debate along.
L000718,2026-04-20T01:30:22,WARN,recs,Response station safe research apply myself once.
L000719,2025-08-03T21:27:49,ERROR,search,Economy to daughter knowledge environment course.
L000720,2026-05-19T22:58:32,ERROR,recs,Radio place Mr specific decision exactly.
L000721,2025-11-11T08:00:39,WARN,recs,Campaign population through personal actually.
L000722,2025-12-07T00:15:36,INFO,checkout,Key or song politics he very quality.
L000723,2025-12-11T23:21:51,INFO,recs,Number history admit with physical fast such ground few.
L000724,2026-04-28T15:21:34,WARN,search,Benefit majority recent social less protect.
L000725,2025-11-25T11:46:24,ERROR,search,Air deal certainly station cup wide why.
L000726,2025-11-23T00:07:25,WARN,api,More pattern enjoy which moment new player occur determine lead.
L000727,2026-05-29T00:02:48,WARN,recs,Light trouble public television question bag head draw behind member.
L000728,2026-03-30T17:32:55,WARN,recs,Station inside generation guy ball rate ahead forward how its.
L000729,2026-05-29T12:27:12,WARN,checkout,If provide already position development fear individual behavior fear nothing.
L000730,2026-02-28T01:01:07,WARN,search,Investment central on right become room discuss friend financial task.
L000731,2025-11-04T12:59:32,ERROR,checkout,Check foot not hundred traditional kid.
L000732,2025-08-28T11:40:47,WARN,api,Quality increase others either front others account news girl small.
L000733,2025-09-28T14:15:03,INFO,checkout,Gun single present cup like message describe approach scene.
L000734,2025-07-14T21:07:17,ERROR,api,Product save war vote.
L000735,2025-11-04T04:00:17,ERROR,api,Develop sea cold save prevent leave rest step.
L000736,2025-08-14T13:11:40,INFO,checkout,Expect measure environmental degree woman international.
L000737,2025-11-08T13:01:34,ERROR,search,Someone oil almost action.
L000738,2026-01-08T14:58:06,WARN,search,Issue result road security debate teach child finally under language.
L000739,2026-04-04T02:14:46,ERROR,search,Though physical culture light group guy vote before yard some.
L000740,2026-04-11T02:56:03,WARN,recs,Provide outside many truth fall visit religious product point nice address.
L000741,2025-10-23T11:27:12,INFO,search,Sport respond industry which structure effort management degree whether.
L000742,2025-09-08T07:49:46,INFO,recs,Key near arm side through represent candidate want air forward.
L000743,2025-11-26T03:18:37,WARN,api,Truth because course my thus science kind order.
L000744,2026-06-02T17:36:58,WARN,api,Maybe with event spring great paper idea five Democrat American.
L000745,2025-08-09T18:50:13,ERROR,search,Around dream memory number option pull exactly soon.
L000746,2026-02-12T23:45:06,ERROR,api,Enter develop simple discussion economy if.
L000747,2025-10-15T16:10:27,INFO,api,You cost bill green allow dog.
L000748,2025-12-02T00:20:04,INFO,search,Above national decide test information.
L000749,2025-09-30T10:26:17,WARN,search,Interview toward onto around local employee everybody involve.
L000750,2026-05-30T11:43:25,INFO,recs,Business score bank ball concern speech analysis senior risk staff.
L000751,2025-11-13T20:00:21,WARN,api,Without necessary impact me unit audience none police.
L000752,2025-06-25T23:48:49,ERROR,search,But miss develop describe capital name research.
L000753,2026-02-21T10:16:02,WARN,recs,Ability spring middle firm a television cold full.
L000754,2026-05-07T09:51:55,WARN,search,Cover million black then all continue family government letter.
L000755,2026-01-06T00:09:46,WARN,checkout,Treat next his trial space.
L000756,2026-01-27T15:53:08,INFO,checkout,Parent side break tree personal right already.
L000757,2025-10-25T20:58:55,ERROR,api,Building believe spend specific development up in just.
L000758,2025-12-21T08:26:17,INFO,checkout,Some manage low movie politics particular challenge surface religious.
L000759,2026-03-28T06:23:13,WARN,search,Trade west suggest writer admit truth reduce outside base while.
L000760,2025-09-02T23:08:52,INFO,checkout,Spend avoid crime office clear care.
L000761,2026-01-13T23:47:58,ERROR,search,Among appear yeah degree their authority up.
L000762,2025-12-19T03:52:23,WARN,checkout,Mission give choice large must home blood real.
L000763,2026-05-23T14:39:22,ERROR,checkout,Toward smile scientist result power true.
L000764,2025-11-07T08:03:51,WARN,checkout,You have available fish purpose collection brother it story as.
L000765,2025-07-11T07:38:29,INFO,recs,Project capital property population discover quickly.
L000766,2026-05-03T04:56:51,INFO,api,Unit crime consider ground themselves meet manager result career investment.
L000767,2025-08-07T00:40:03,ERROR,search,Boy expect production outside never reach red.
L000768,2026-05-04T04:39:02,INFO,api,Suffer thing region plan number.
L000769,2025-11-13T15:21:15,INFO,api,Answer explain air clear assume senior successful society accept business.
L000770,2026-04-10T18:50:16,ERROR,checkout,Simply walk three shoulder education section southern.
L000771,2026-05-01T16:23:49,INFO,checkout,Theory reduce reality matter bill.
L000772,2025-06-24T08:04:10,WARN,recs,Subject event nor enjoy not good star activity quite sure.
L000773,2025-10-16T14:55:20,INFO,search,Alone still realize lead future it newspaper range point.
L000774,2026-05-30T16:49:00,ERROR,search,Number American election part ever figure professor price.
L000775,2025-09-30T06:52:55,INFO,search,Grow upon you kitchen issue first course seven move law sell.
L000776,2026-01-30T09:53:50,ERROR,api,There southern crime believe visit.
L000777,2025-09-28T11:24:10,INFO,recs,Catch woman husband light fall Republican three floor trade.
L000778,2025-07-31T20:32:11,ERROR,search,Can southern whatever be serve hit shoulder music.
L000779,2025-11-25T14:39:47,INFO,checkout,Should final miss establish.
L000780,2025-11-11T21:01:53,INFO,api,Organization place skill including practice by hard church marriage make.
L000781,2026-03-02T02:11:39,ERROR,search,And as hair various weight deal response.
L000782,2025-08-05T19:32:00,ERROR,checkout,Challenge conference data character still hope almost minute.
L000783,2026-03-25T21:38:09,INFO,checkout,Study final hospital artist conference gun support fund change personal.
L000784,2026-05-28T05:32:18,INFO,recs,Form should could budget evening truth admit.
L000785,2026-02-02T10:35:50,WARN,recs,Discover professional drug camera responsibility but painting third TV official trouble.
L000786,2026-05-20T19:38:12,INFO,checkout,Rise society everyone recognize sometimes exactly all.
L000787,2026-05-26T08:22:28,WARN,api,Unit magazine develop reason song culture successful letter strong option.
L000788,2026-01-06T18:56:15,ERROR,recs,Ready field series benefit boy us.
L000789,2025-08-05T17:14:51,INFO,api,Behavior man wait tend top military maybe.
L000790,2026-02-18T04:18:31,WARN,search,Whether sound note character.
L000791,2025-10-08T04:48:13,WARN,checkout,Wind gas leg sign senior itself.
L000792,2025-09-01T19:34:10,WARN,checkout,Gun list win simply that term indicate short.
L000793,2025-10-04T05:30:13,ERROR,recs,Mission mouth crime serious management phone fire far control.
L000794,2026-02-12T20:09:30,ERROR,search,Dark bring together wide quickly serious network former.
L000795,2025-09-14T10:20:19,ERROR,api,From discover save cost while city would.
L000796,2025-11-27T22:32:09,ERROR,recs,List here her analysis campaign national manager fly.
L000797,2026-03-06T22:31:29,INFO,api,Land reveal can personal finish authority success Democrat treat.
L000798,2026-01-11T05:41:41,WARN,search,Page bill since remember how believe pressure lose.
L000799,2025-10-02T07:08:53,INFO,recs,Either western detail player business.
