asset_id,hostname,os,department,type
AST000000,host-00000.corp.example,macos-14,engineering,container_host
AST000001,host-00001.corp.example,macos-14,sales,laptop
AST000002,host-00002.corp.example,rhel-9,engineering,server
AST000003,host-00003.corp.example,windows-11,engineering,vm
AST000004,host-00004.corp.example,ubuntu-22,sales,server
AST000005,host-00005.corp.example,windows-11,legal,server
AST000006,host-00006.corp.example,ubuntu-22,sales,vm
AST000007,host-00007.corp.example,ubuntu-22,legal,laptop
AST000008,host-00008.corp.example,macos-14,sales,server
AST000009,host-00009.corp.example,macos-14,sales,laptop
AST000010,host-00010.corp.example,windows-11,sales,laptop
AST000011,host-00011.corp.example,macos-14,sales,vm
AST000012,host-00012.corp.example,windows-11,sales,vm
AST000013,host-00013.corp.example,windows-11,sales,container_host
AST000014,host-00014.corp.example,windows-11,exec,laptop
AST000015,host-00015.corp.example,rhel-9,hr,vm
AST000016,host-00016.corp.example,windows-11,hr,server
AST000017,host-00017.corp.example,windows-11,exec,vm
AST000018,host-00018.corp.example,rhel-9,exec,laptop
AST000019,host-00019.corp.example,windows-11,hr,container_host
AST000020,host-00020.corp.example,rhel-9,exec,laptop
AST000021,host-00021.corp.example,rhel-9,exec,container_host
AST000022,host-00022.corp.example,windows-11,engineering,vm
AST000023,host-00023.corp.example,ubuntu-22,engineering,server
AST000024,host-00024.corp.example,macos-14,legal,vm
AST000025,host-00025.corp.example,rhel-9,legal,vm
AST000026,host-00026.corp.example,rhel-9,legal,container_host
AST000027,host-00027.corp.example,windows-11,exec,laptop
AST000028,host-00028.corp.example,ubuntu-22,hr,container_host
AST000029,host-00029.corp.example,ubuntu-22,hr,vm
AST000030,host-00030.corp.example,rhel-9,hr,container_host
AST000031,host-00031.corp.example,windows-11,finance,container_host
AST000032,host-00032.corp.example,macos-14,exec,vm
AST000033,host-00033.corp.example,macos-14,sales,container_host
AST000034,host-00034.corp.example,windows-11,engineering,laptop
AST000035,host-00035.corp.example,windows-11,hr,laptop
AST000036,host-00036.corp.example,macos-14,sales,laptop
AST000037,host-00037.corp.example,macos-14,exec,laptop
AST000038,host-00038.corp.example,rhel-9,finance,container_host
AST000039,host-00039.corp.example,windows-11,finance,vm
AST000040,host-00040.corp.example,macos-14,engineering,server
AST000041,host-00041.corp.example,ubuntu-22,exec,container_host
AST000042,host-00042.corp.example,ubuntu-22,engineering,vm
AST000043,host-00043.corp.example,macos-14,engineering,vm
AST000044,host-00044.corp.example,ubuntu-22,hr,laptop
AST000045,host-00045.corp.example,macos-14,engineering,server
AST000046,host-00046.corp.example,macos-14,exec,vm
AST000047,host-00047.corp.example,macos-14,finance,laptop
AST000048,host-00048.corp.example,ubuntu-22,sales,container_host
AST000049,host-00049.corp.example,windows-11,sales,laptop
AST000050,host-00050.corp.example,windows-11,exec,server
AST000051,host-00051.corp.example,rhel-9,hr,container_host
AST000052,host-00052.corp.example,macos-14,sales,vm
AST000053,host-00053.corp.example,macos-14,exec,vm
AST000054,host-00054.corp.example,windows-11,engineering,server
AST000055,host-00055.corp.example,ubuntu-22,legal,laptop
AST000056,host-00056.corp.example,windows-11,finance,container_host
AST000057,host-00057.corp.example,rhel-9,hr,container_host
AST000058,host-00058.corp.example,rhel-9,finance,server
AST000059,host-00059.corp.example,windows-11,finance,container_host
AST000060,host-00060.corp.example,windows-11,finance,container_host
AST000061,host-00061.corp.example,macos-14,engineering,server
AST000062,host-00062.corp.example,rhel-9,legal,laptop
AST000063,host-00063.corp.example,windows-11,sales,vm
AST000064,host-00064.corp.example,ubuntu-22,sales,vm
AST000065,host-00065.corp.example,macos-14,finance,laptop
AST000066,host-00066.corp.example,windows-11,hr,container_host
AST000067,host-00067.corp.example,ubuntu-22,sales,container_host
AST000068,host-00068.corp.example,ubuntu-22,legal,vm
AST000069,host-00069.corp.example,windows-11,hr,laptop
AST000070,host-00070.corp.example,rhel-9,engineering,container_host
AST000071,host-00071.corp.example,windows-11,finance,container_host
AST000072,host-00072.corp.example,rhel-9,exec,container_host
AST000073,host-00073.corp.example,macos-14,engineering,container_host
AST000074,host-00074.corp.example,windows-11,finance,server
AST000075,host-00075.corp.example,rhel-9,exec,vm
AST000076,host-00076.corp.example,windows-11,hr,laptop
AST000077,host-00077.corp.example,ubuntu-22,hr,container_host
AST000078,host-00078.corp.example,windows-11,hr,vm
AST000079,host-00079.corp.example,macos-14,sales,vm
AST000080,host-00080.corp.example,ubuntu-22,engineering,laptop
AST000081,host-00081.corp.example,ubuntu-22,finance,vm
AST000082,host-00082.corp.example,ubuntu-22,sales,laptop
AST000083,host-00083.corp.example,ubuntu-22,finance,server
AST000084,host-00084.corp.example,ubuntu-22,legal,server
AST000085,host-00085.corp.example,windows-11,sales,container_host
AST000086,host-00086.corp.example,rhel-9,legal,container_host
AST000087,host-00087.corp.example,macos-14,exec,vm
AST000088,host-00088.corp.example,ubuntu-22,hr,laptop
AST000089,host-00089.corp.example,rhel-9,hr,vm
AST000090,host-00090.corp.example,macos-14,legal,laptop
AST000091,host-00091.corp.example,macos-14,legal,laptop
AST000092,host-00092.corp.example,macos-14,hr,container_host
AST000093,host-00093.corp.example,windows-11,engineering,vm
AST000094,host-00094.corp.example,macos-14,engineering,laptop
AST000095,host-00095.corp.example,rhel-9,hr,laptop
AST000096,host-00096.corp.example,rhel-9,legal,server
AST000097,host-00097.corp.example,macos-14,legal,container_host
AST000098,host-00098.corp.example,ubuntu-22,engineering,container_host
AST000099,host-00099.corp.example,windows-11,finance,laptop
AST000100,host-00100.corp.example,ubuntu-22,engineering,server
AST000101,host-00101.corp.example,rhel-9,hr,server
AST000102,host-00102.corp.example,macos-14,finance,vm
AST000103,host-00103.corp.example,rhel-9,hr,vm
AST000104,host-00104.corp.example,windows-11,exec,vm
AST000105,host-00105.corp.example,windows-11,finance,laptop
AST000106,host-00106.corp.example,rhel-9,finance,vm
AST000107,host-00107.corp.example,ubuntu-22,finance,laptop
AST000108,host-00108.corp.example,ubuntu-22,finance,vm
AST000109,host-00109.corp.example,rhel-9,sales,laptop
AST000110,host-00110.corp.example,macos-14,legal,container_host
AST000111,host-00111.corp.example,macos-14,sales,laptop
AST000112,host-00112.corp.example,rhel-9,legal,vm
AST000113,host-00113.corp.example,windows-11,finance,vm
AST000114,host-00114.corp.example,ubuntu-22,sales,vm
AST000115,host-00115.corp.example,rhel-9,sales,server
AST000116,host-00116.corp.example,ubuntu-22,sales,laptop
AST000117,host-00117.corp.example,macos-14,engineering,laptop
AST000118,host-00118.corp.example,macos-14,legal,server
AST000119,host-00119.corp.example,rhel-9,sales,server
AST000120,host-00120.corp.example,ubuntu-22,exec,server
AST000121,host-00121.corp.example,rhel-9,engineering,container_host
AST000122,host-00122.corp.example,macos-14,exec,server
AST000123,host-00123.corp.example,rhel-9,legal,vm
AST000124,host-00124.corp.example,rhel-9,sales,server
AST000125,host-00125.corp.example,macos-14,hr,server
AST000126,host-00126.corp.example,macos-14,exec,container_host
AST000127,host-00127.corp.example,rhel-9,finance,container_host
AST000128,host-00128.corp.example,rhel-9,sales,server
AST000129,host-00129.corp.example,ubuntu-22,finance,laptop
AST000130,host-00130.corp.example,rhel-9,finance,laptop
AST000131,host-00131.corp.example,windows-11,finance,laptop
AST000132,host-00132.corp.example,ubuntu-22,finance,container_host
AST000133,host-00133.corp.example,ubuntu-22,hr,laptop
AST000134,host-00134.corp.example,ubuntu-22,hr,vm
AST000135,host-00135.corp.example,windows-11,hr,laptop
AST000136,host-00136.corp.example,rhel-9,legal,vm
AST000137,host-00137.corp.example,ubuntu-22,hr,laptop
AST000138,host-00138.corp.example,macos-14,sales,laptop
AST000139,host-00139.corp.example,macos-14,engineering,vm
AST000140,host-00140.corp.example,ubuntu-22,sales,laptop
AST000141,host-00141.corp.example,macos-14,hr,server
AST000142,host-00142.corp.example,rhel-9,hr,laptop
AST000143,host-00143.corp.example,windows-11,engineering,vm
AST000144,host-00144.corp.example,ubuntu-22,sales,container_host
AST000145,host-00145.corp.example,windows-11,finance,server
AST000146,host-00146.corp.example,macos-14,engineering,laptop
AST000147,host-00147.corp.example,ubuntu-22,hr,container_host
AST000148,host-00148.corp.example,windows-11,engineering,container_host
AST000149,host-00149.corp.example,windows-11,exec,server
AST000150,host-00150.corp.example,ubuntu-22,finance,container_host
AST000151,host-00151.corp.example,windows-11,legal,vm
AST000152,host-00152.corp.example,ubuntu-22,legal,container_host
AST000153,host-00153.corp.example,ubuntu-22,exec,laptop
AST000154,host-00154.corp.example,macos-14,engineering,laptop
AST000155,host-00155.corp.example,rhel-9,hr,laptop
AST000156,host-00156.corp.example,rhel-9,finance,vm
AST000157,host-00157.corp.example,windows-11,finance,laptop
AST000158,host-00158.corp.example,macos-14,sales,laptop
AST000159,host-00159.corp.example,macos-14,sales,laptop
AST000160,host-00160.corp.example,macos-14,legal,vm
AST000161,host-00161.corp.example,ubuntu-22,exec,container_host
AST000162,host-00162.corp.example,rhel-9,exec,server
AST000163,host-00163.corp.example,ubuntu-22,engineering,container_host
AST000164,host-00164.corp.example,windows-11,finance,server
AST000165,host-00165.corp.example,windows-11,sales,laptop
AST000166,host-00166.corp.example,macos-14,finance,container_host
AST000167,host-00167.corp.example,rhel-9,finance,laptop
AST000168,host-00168.corp.example,ubuntu-22,finance,vm
AST000169,host-00169.corp.example,windows-11,exec,vm
AST000170,host-00170.corp.example,macos-14,engineering,vm
AST000171,host-00171.corp.example,rhel-9,hr,container_host
AST000172,host-00172.corp.example,rhel-9,finance,server
AST000173,host-00173.corp.example,rhel-9,exec,container_host
AST000174,host-00174.corp.example,macos-14,legal,vm
AST000175,host-00175.corp.example,windows-11,exec,container_host
AST000176,host-00176.corp.example,windows-11,hr,server
AST000177,host-00177.corp.example,macos-14,finance,laptop
AST000178,host-00178.corp.example,windows-11,finance,vm
AST000179,host-00179.corp.example,macos-14,hr,container_host
AST000180,host-00180.corp.example,ubuntu-22,exec,container_host
AST000181,host-00181.corp.example,macos-14,hr,laptop
AST000182,host-00182.corp.example,macos-14,legal,container_host
AST000183,host-00183.corp.example,macos-14,exec,laptop
AST000184,host-00184.corp.example,windows-11,exec,container_host
AST000185,host-00185.corp.example,macos-14,legal,server
AST000186,host-00186.corp.example,windows-11,sales,container_host
AST000187,host-00187.corp.example,windows-11,sales,laptop
AST000188,host-00188.corp.example,ubuntu-22,exec,vm
AST000189,host-00189.corp.example,macos-14,hr,laptop
AST000190,host-00190.corp.example,ubuntu-22,exec,container_host
AST000191,host-00191.corp.example,macos-14,finance,container_host
AST000192,host-00192.corp.example,windows-11,legal,server
AST000193,host-00193.corp.example,macos-14,hr,vm
AST000194,host-00194.corp.example,macos-14,sales,laptop
AST000195,host-00195.corp.example,windows-11,exec,server
AST000196,host-00196.corp.example,rhel-9,legal,container_host
AST000197,host-00197.corp.example,windows-11,finance,vm
AST000198,host-00198.corp.example,rhel-9,sales,vm
AST000199,host-00199.corp.example,rhel-9,sales,laptop
AST000200,host-00200.corp.example,ubuntu-22,engineering,container_host
AST000201,host-00201.corp.example,ubuntu-22,exec,container_host
AST000202,host-00202.corp.example,windows-11,exec,vm
AST000203,host-00203.corp.example,macos-14,exec,laptop
AST000204,host-00204.corp.example,macos-14,finance,server
AST000205,host-00205.corp.example,ubuntu-22,finance,server
AST000206,host-00206.corp.example,windows-11,sales,server
AST000207,host-00207.corp.example,ubuntu-22,hr,laptop
AST000208,host-00208.corp.example,macos-14,legal,vm
AST000209,host-00209.corp.example,rhel-9,legal,server
AST000210,host-00210.corp.example,windows-11,engineering,vm
AST000211,host-00211.corp.example,rhel-9,exec,container_host
AST000212,host-00212.corp.example,rhel-9,hr,laptop
AST000213,host-00213.corp.example,ubuntu-22,finance,laptop
AST000214,host-00214.corp.example,rhel-9,hr,vm
AST000215,host-00215.corp.example,ubuntu-22,legal,server
AST000216,host-00216.corp.example,ubuntu-22,hr,laptop
AST000217,host-00217.corp.example,windows-11,legal,server
AST000218,host-00218.corp.example,macos-14,sales,server
AST000219,host-00219.corp.example,macos-14,exec,server
AST000220,host-00220.corp.example,macos-14,legal,vm
AST000221,host-00221.corp.example,windows-11,finance,server
AST000222,host-00222.corp.example,macos-14,sales,vm
AST000223,host-00223.corp.example,windows-11,legal,server
AST000224,host-00224.corp.example,ubuntu-22,sales,vm
AST000225,host-00225.corp.example,windows-11,engineering,laptop
AST000226,host-00226.corp.example,windows-11,exec,vm
AST000227,host-00227.corp.example,ubuntu-22,legal,container_host
AST000228,host-00228.corp.example,windows-11,hr,vm
AST000229,host-00229.corp.example,macos-14,hr,server
AST000230,host-00230.corp.example,rhel-9,finance,container_host
AST000231,host-00231.corp.example,windows-11,exec,laptop
AST000232,host-00232.corp.example,ubuntu-22,hr,container_host
AST000233,host-00233.corp.example,rhel-9,hr,server
AST000234,host-00234.corp.example,macos-14,legal,server
AST000235,host-00235.corp.example,macos-14,exec,vm
AST000236,host-00236.corp.example,macos-14,hr,server
AST000237,host-00237.corp.example,macos-14,legal,laptop
AST000238,host-00238.corp.example,macos-14,sales,container_host
AST000239,host-00239.corp.example,windows-11,finance,container_host
AST000240,host-00240.corp.example,ubuntu-22,sales,laptop
AST000241,host-00241.corp.example,windows-11,finance,container_host
AST000242,host-00242.corp.example,rhel-9,sales,server
AST000243,host-00243.corp.example,macos-14,legal,vm
AST000244,host-00244.corp.example,ubuntu-22,sales,container_host
AST000245,host-00245.corp.example,rhel-9,hr,vm
AST000246,host-00246.corp.example,rhel-9,engineering,laptop
AST000247,host-00247.corp.example,rhel-9,legal,container_host
AST000248,host-00248.corp.example,ubuntu-22,sales,vm
AST000249,host-00249.corp.example,windows-11,engineering,vm
AST000250,host-00250.corp.example,rhel-9,legal,container_host
AST000251,host-00251.corp.example,macos-14,legal,laptop
AST000252,host-00252.corp.example,windows-11,hr,server
AST000253,host-00253.corp.example,macos-14,exec,vm
AST000254,host-00254.corp.example,rhel-9,finance,laptop
AST000255,host-00255.corp.example,rhel-9,engineering,server
AST000256,host-00256.corp.example,macos-14,legal,vm
AST000257,host-00257.corp.example,windows-11,hr,container_host
AST000258,host-00258.corp.example,macos-14,legal,laptop
AST000259,host-00259.corp.example,ubuntu-22,engineering,container_host
AST000260,host-00260.corp.example,macos-14,finance,vm
AST000261,host-00261.corp.example,ubuntu-22,sales,container_host
AST000262,host-00262.corp.example,windows-11,engineering,laptop
AST000263,host-00263.corp.example,ubuntu-22,exec,vm
AST000264,host-00264.corp.example,rhel-9,legal,container_host
AST000265,host-00265.corp.example,ubuntu-22,legal,server
AST000266,host-00266.corp.example,macos-14,legal,vm
AST000267,host-00267.corp.example,ubuntu-22,hr,vm
AST000268,host-00268.corp.example,macos-14,legal,container_host
AST000269,host-00269.corp.example,macos-14,hr,laptop
AST000270,host-00270.corp.example,macos-14,finance,laptop
AST000271,host-00271.corp.example,rhel-9,legal,vm
AST000272,host-00272.corp.example,windows-11,legal,container_host
AST000273,host-00273.corp.example,macos-14,exec,server
AST000274,host-00274.corp.example,windows-11,legal,container_host
AST000275,host-00275.corp.example,ubuntu-22,legal,container_host
AST000276,host-00276.corp.example,ubuntu-22,exec,server
AST000277,host-00277.corp.example,windows-11,legal,laptop
AST000278,host-00278.corp.example,ubuntu-22,engineering,container_host
AST000279,host-00279.corp.example,macos-14,hr,server
AST000280,host-00280.corp.example,rhel-9,exec,server
AST000281,host-00281.corp.example,rhel-9,legal,container_host
AST000282,host-00282.corp.example,windows-11,exec,server
AST000283,host-00283.corp.example,ubuntu-22,legal,vm
AST000284,host-00284.corp.example,rhel-9,legal,container_host
AST000285,host-00285.corp.example,macos-14,sales,container_host
AST000286,host-00286.corp.example,macos-14,legal,vm
AST000287,host-00287.corp.example,macos-14,legal,container_host
AST000288,host-00288.corp.example,ubuntu-22,sales,vm
AST000289,host-00289.corp.example,macos-14,sales,vm
AST000290,host-00290.corp.example,macos-14,exec,server
AST000291,host-00291.corp.example,rhel-9,finance,container_host
AST000292,host-00292.corp.example,macos-14,legal,vm
AST000293,host-00293.corp.example,macos-14,engineering,container_host
AST000294,host-00294.corp.example,rhel-9,finance,server
AST000295,host-00295.corp.example,macos-14,engineering,vm
AST000296,host-00296.corp.example,windows-11,finance,container_host
AST000297,host-00297.corp.example,macos-14,exec,container_host
AST000298,host-00298.corp.example,ubuntu-22,sales,vm
AST000299,host-00299.corp.example,macos-14,sales,laptop
AST000300,host-00300.corp.example,ubuntu-22,sales,laptop
AST000301,host-00301.corp.example,ubuntu-22,exec,server
AST000302,host-00302.corp.example,windows-11,engineering,container_host
AST000303,host-00303.corp.example,macos-14,exec,container_host
AST000304,host-00304.corp.example,windows-11,exec,server
AST000305,host-00305.corp.example,windows-11,legal,server
AST000306,host-00306.corp.example,rhel-9,exec,container_host
AST000307,host-00307.corp.example,rhel-9,exec,server
AST000308,host-00308.corp.example,macos-14,finance,vm
AST000309,host-00309.corp.example,windows-11,engineering,server
AST000310,host-00310.corp.example,windows-11,sales,container_host
AST000311,host-00311.corp.example,ubuntu-22,engineering,container_host
AST000312,host-00312.corp.example,rhel-9,sales,vm
AST000313,host-00313.corp.example,windows-11,engineering,vm
AST000314,host-00314.corp.example,windows-11,finance,vm
AST000315,host-00315.corp.example,rhel-9,exec,container_host
AST000316,host-00316.corp.example,ubuntu-22,legal,container_host
AST000317,host-00317.corp.example,macos-14,sales,laptop
AST000318,host-00318.corp.example,macos-14,sales,container_host
AST000319,host-00319.corp.example,macos-14,exec,server
AST000320,host-00320.corp.example,windows-11,exec,vm
AST000321,host-00321.corp.example,macos-14,legal,server
AST000322,host-00322.corp.example,ubuntu-22,legal,container_host
AST000323,host-00323.corp.example,rhel-9,legal,vm
AST000324,host-00324.corp.example,windows-11,hr,laptop
AST000325,host-00325.corp.example,ubuntu-22,sales,container_host
AST000326,host-00326.corp.example,macos-14,sales,laptop
AST000327,host-00327.corp.example,macos-14,hr,server
AST000328,host-00328.corp.example,rhel-9,finance,vm
AST000329,host-00329.corp.example,macos-14,legal,laptop
AST000330,host-00330.corp.example,macos-14,exec,vm
AST000331,host-00331.corp.example,ubuntu-22,engineering,laptop
AST000332,host-00332.corp.example,rhel-9,finance,server
AST000333,host-00333.corp.example,rhel-9,exec,vm
AST000334,host-00334.corp.example,windows-11,exec,vm
AST000335,host-00335.corp.example,macos-14,legal,server
AST000336,host-00336.corp.example,ubuntu-22,sales,container_host
AST000337,host-00337.corp.example,ubuntu-22,hr,vm
AST000338,host-00338.corp.example,rhel-9,exec,container_host
AST000339,host-00339.corp.example,ubuntu-22,sales,laptop
AST000340,host-00340.corp.example,rhel-9,legal,vm
AST000341,host-00341.corp.example,windows-11,legal,laptop
AST000342,host-00342.corp.example,windows-11,legal,server
AST000343,host-00343.corp.example,ubuntu-22,sales,vm
AST000344,host-00344.corp.example,rhel-9,engineering,server
AST000345,host-00345.corp.example,rhel-9,engineering,container_host
AST000346,host-00346.corp.example,windows-11,hr,server
AST000347,host-00347.corp.example,rhel-9,hr,laptop
AST000348,host-00348.corp.example,rhel-9,exec,vm
AST000349,host-00349.corp.example,windows-11,hr,vm
AST000350,host-00350.corp.example,windows-11,exec,server
AST000351,host-00351.corp.example,windows-11,engineering,container_host
AST000352,host-00352.corp.example,macos-14,exec,laptop
AST000353,host-00353.corp.example,windows-11,engineering,container_host
AST000354,host-00354.corp.example,windows-11,finance,container_host
AST000355,host-00355.corp.example,ubuntu-22,sales,container_host
AST000356,host-00356.corp.example,macos-14,hr,container_host
AST000357,host-00357.corp.example,rhel-9,hr,laptop
AST000358,host-00358.corp.example,ubuntu-22,exec,vm
AST000359,host-00359.corp.example,windows-11,sales,container_host
AST000360,host-00360.corp.example,ubuntu-22,exec,server
AST000361,host-00361.corp.example,windows-11,engineering,vm
AST000362,host-00362.corp.example,rhel-9,exec,container_host
AST000363,host-00363.corp.example,rhel-9,sales,server
AST000364,host-00364.corp.example,rhel-9,finance,server
AST000365,host-00365.corp.example,macos-14,sales,laptop
AST000366,host-00366.corp.example,windows-11,exec,container_host
AST000367,host-00367.corp.example,windows-11,sales,server
AST000368,host-00368.corp.example,windows-11,engineering,laptop
AST000369,host-00369.corp.example,rhel-9,legal,laptop
AST000370,host-00370.corp.example,ubuntu-22,exec,laptop
AST000371,host-00371.corp.example,rhel-9,hr,server
AST000372,host-00372.corp.example,ubuntu-22,engineering,server
AST000373,host-00373.corp.example,macos-14,sales,vm
AST000374,host-00374.corp.example,macos-14,sales,vm
AST000375,host-00375.corp.example,ubuntu-22,exec,server
AST000376,host-00376.corp.example,rhel-9,finance,vm
AST000377,host-00377.corp.example,windows-11,legal,server
AST000378,host-00378.corp.example,rhel-9,legal,container_host
AST000379,host-00379.corp.example,windows-11,finance,container_host
AST000380,host-00380.corp.example,macos-14,exec,container_host
AST000381,host-00381.corp.example,rhel-9,sales,vm
AST000382,host-00382.corp.example,rhel-9,sales,container_host
AST000383,host-00383.corp.example,ubuntu-22,sales,vm
AST000384,host-00384.corp.example,ubuntu-22,hr,laptop
AST000385,host-00385.corp.example,rhel-9,hr,server
AST000386,host-00386.corp.example,rhel-9,sales,vm
AST000387,host-00387.corp.example,ubuntu-22,finance,laptop
AST000388,host-00388.corp.example,rhel-9,finance,laptop
AST000389,host-00389.corp.example,ubuntu-22,engineering,vm
AST000390,host-00390.corp.example,rhel-9,exec,laptop
AST000391,host-00391.corp.example,windows-11,sales,server
AST000392,host-00392.corp.example,rhel-9,sales,vm
AST000393,host-00393.corp.example,macos-14,engineering,server
AST000394,host-00394.corp.example,ubuntu-22,exec,laptop
AST000395,host-00395.corp.example,rhel-9,sales,server
AST000396,host-00396.corp.example,rhel-9,sales,vm
AST000397,host-00397.corp.example,macos-14,hr,container_host
AST000398,host-00398.corp.example,macos-14,finance,vm
AST000399,host-00399.corp.example,macos-14,legal,container_host
AST000400,host-00400.corp.example,rhel-9,engineering,container_host
AST000401,host-00401.corp.example,macos-14,sales,vm
AST000402,host-00402.corp.example,macos-14,hr,laptop
AST000403,host-00403.corp.example,ubuntu-22,exec,server
AST000404,host-00404.corp.example,windows-11,finance,container_host
AST000405,host-00405.corp.example,macos-14,sales,server
AST000406,host-00406.corp.example,macos-14,sales,container_host
AST000407,host-00407.corp.example,ubuntu-22,hr,vm
AST000408,host-00408.corp.example,macos-14,hr,container_host
AST000409,host-00409.corp.example,rhel-9,sales,vm
AST000410,host-00410.corp.example,ubuntu-22,sales,container_host
AST000411,host-00411.corp.example,ubuntu-22,legal,laptop
AST000412,host-00412.corp.example,windows-11,engineering,laptop
AST000413,host-00413.corp.example,windows-11,hr,server
AST000414,host-00414.corp.example,ubuntu-22,engineering,server
AST000415,host-00415.corp.example,windows-11,sales,container_host
AST000416,host-00416.corp.example,macos-14,engineering,container_host
AST000417,host-00417.corp.example,rhel-9,engineering,laptop
AST000418,host-00418.corp.example,rhel-9,engineering,laptop
AST000419,host-00419.corp.example,macos-14,legal,vm
AST000420,host-00420.corp.example,windows-11,legal,container_host
AST000421,host-00421.corp.example,ubuntu-22,engineering,laptop
AST000422,host-00422.corp.example,ubuntu-22,sales,server
AST000423,host-00423.corp.example,macos-14,finance,vm
AST000424,host-00424.corp.example,rhel-9,engineering,vm
AST000425,host-00425.corp.example,rhel-9,hr,server
AST000426,host-00426.corp.example,ubuntu-22,finance,laptop
AST000427,host-00427.corp.example,windows-11,engineering,container_host
AST000428,host-00428.corp.example,rhel-9,hr,container_host
AST000429,host-00429.corp.example,windows-11,exec,laptop
AST000430,host-00430.corp.example,ubuntu-22,engineering,container_host
AST000431,host-00431.corp.example,rhel-9,exec,vm
AST000432,host-00432.corp.example,windows-11,legal,laptop
AST000433,host-00433.corp.example,ubuntu-22,sales,container_host
AST000434,host-00434.corp.example,macos-14,engineering,laptop
AST000435,host-00435.corp.example,macos-14,legal,laptop
AST000436,host-00436.corp.example,ubuntu-22,finance,laptop
AST000437,host-00437.corp.example,ubuntu-22,legal,server
AST000438,host-00438.corp.example,rhel-9,engineering,vm
AST000439,host-00439.corp.example,ubuntu-22,legal,server
AST000440,host-00440.corp.example,rhel-9,exec,vm
AST000441,host-00441.corp.example,rhel-9,exec,server
AST000442,host-00442.corp.example,windows-11,legal,vm
AST000443,host-00443.corp.example,windows-11,engineering,container_host
AST000444,host-00444.corp.example,ubuntu-22,engineering,vm
AST000445,host-00445.corp.example,rhel-9,finance,laptop
AST000446,host-00446.corp.example,macos-14,hr,container_host
AST000447,host-00447.corp.example,ubuntu-22,finance,container_host
AST000448,host-00448.corp.example,rhel-9,sales,container_host
AST000449,host-00449.corp.example,windows-11,legal,vm
AST000450,host-00450.corp.example,ubuntu-22,exec,laptop
AST000451,host-00451.corp.example,windows-11,finance,server
AST000452,host-00452.corp.example,rhel-9,exec,server
AST000453,host-00453.corp.example,rhel-9,finance,vm
AST000454,host-00454.corp.example,windows-11,engineering,laptop
AST000455,host-00455.corp.example,macos-14,hr,vm
AST000456,host-00456.corp.example,macos-14,engineering,server
AST000457,host-00457.corp.example,windows-11,sales,container_host
AST000458,host-00458.corp.example,rhel-9,legal,container_host
AST000459,host-00459.corp.example,windows-11,engineering,laptop
AST000460,host-00460.corp.example,macos-14,legal,laptop
AST000461,host-00461.corp.example,macos-14,hr,laptop
AST000462,host-00462.corp.example,macos-14,hr,container_host
AST000463,host-00463.corp.example,windows-11,exec,server
AST000464,host-00464.corp.example,ubuntu-22,exec,container_host
AST000465,host-00465.corp.example,ubuntu-22,sales,vm
AST000466,host-00466.corp.example,macos-14,finance,container_host
AST000467,host-00467.corp.example,ubuntu-22,engineering,server
AST000468,host-00468.corp.example,rhel-9,finance,container_host
AST000469,host-00469.corp.example,macos-14,hr,laptop
AST000470,host-00470.corp.example,macos-14,finance,server
AST000471,host-00471.corp.example,rhel-9,legal,server
AST000472,host-00472.corp.example,rhel-9,engineering,server
AST000473,host-00473.corp.example,macos-14,engineering,container_host
AST000474,host-00474.corp.example,macos-14,legal,container_host
AST000475,host-00475.corp.example,macos-14,hr,vm
AST000476,host-00476.corp.example,rhel-9,exec,server
AST000477,host-00477.corp.example,macos-14,finance,server
AST000478,host-00478.corp.example,rhel-9,finance,server
AST000479,host-00479.corp.example,rhel-9,finance,vm
AST000480,host-00480.corp.example,rhel-9,legal,server
AST000481,host-00481.corp.example,macos-14,hr,vm
AST000482,host-00482.corp.example,rhel-9,finance,laptop
AST000483,host-00483.corp.example,ubuntu-22,legal,server
AST000484,host-00484.corp.example,windows-11,exec,container_host
AST000485,host-00485.corp.example,ubuntu-22,hr,vm
AST000486,host-00486.corp.example,windows-11,hr,container_host
AST000487,host-00487.corp.example,ubuntu-22,exec,vm
AST000488,host-00488.corp.example,ubuntu-22,finance,server
AST000489,host-00489.corp.example,rhel-9,hr,laptop
AST000490,host-00490.corp.example,rhel-9,legal,container_host
AST000491,host-00491.corp.example,rhel-9,legal,container_host
AST000492,host-00492.corp.example,windows-11,finance,laptop
AST000493,host-00493.corp.example,windows-11,sales,vm
AST000494,host-00494.corp.example,ubuntu-22,exec,laptop
AST000495,host-00495.corp.example,rhel-9,finance,container_host
AST000496,host-00496.corp.example,windows-11,engineering,laptop
AST000497,host-00497.corp.example,macos-14,sales,server
AST000498,host-00498.corp.example,rhel-9,finance,container_host
AST000499,host-00499.corp.example,rhel-9,exec,server
AST000500,host-00500.corp.example,macos-14,engineering,container_host
AST000501,host-00501.corp.example,windows-11,finance,container_host
AST000502,host-00502.corp.example,windows-11,engineering,server
AST000503,host-00503.corp.example,macos-14,finance,vm
AST000504,host-00504.corp.example,rhel-9,sales,container_host
AST000505,host-00505.corp.example,macos-14,hr,laptop
AST000506,host-00506.corp.example,rhel-9,exec,container_host
AST000507,host-00507.corp.example,macos-14,engineering,vm
AST000508,host-00508.corp.example,windows-11,exec,laptop
AST000509,host-00509.corp.example,windows-11,finance,laptop
AST000510,host-00510.corp.example,ubuntu-22,exec,server
AST000511,host-00511.corp.example,ubuntu-22,legal,server
AST000512,host-00512.corp.example,macos-14,legal,container_host
AST000513,host-00513.corp.example,rhel-9,sales,container_host
AST000514,host-00514.corp.example,ubuntu-22,sales,container_host
AST000515,host-00515.corp.example,rhel-9,engineering,server
AST000516,host-00516.corp.example,rhel-9,legal,container_host
AST000517,host-00517.corp.example,rhel-9,engineering,server
AST000518,host-00518.corp.example,ubuntu-22,finance,laptop
AST000519,host-00519.corp.example,windows-11,legal,server
AST000520,host-00520.corp.example,macos-14,finance,server
AST000521,host-00521.corp.example,rhel-9,engineering,vm
AST000522,host-00522.corp.example,rhel-9,legal,vm
AST000523,host-00523.corp.example,rhel-9,legal,container_host
AST000524,host-00524.corp.example,windows-11,finance,vm
AST000525,host-00525.corp.example,rhel-9,legal,server
AST000526,host-00526.corp.example,macos-14,legal,laptop
AST000527,host-00527.corp.example,ubuntu-22,finance,laptop
AST000528,host-00528.corp.example,ubuntu-22,finance,laptop
AST000529,host-00529.corp.example,ubuntu-22,finance,server
AST000530,host-00530.corp.example,rhel-9,hr,server
AST000531,host-00531.corp.example,rhel-9,hr,server
AST000532,host-00532.corp.example,rhel-9,exec,server
AST000533,host-00533.corp.example,ubuntu-22,hr,vm
AST000534,host-00534.corp.example,ubuntu-22,sales,vm
AST000535,host-00535.corp.example,rhel-9,legal,laptop
AST000536,host-00536.corp.example,macos-14,engineering,container_host
AST000537,host-00537.corp.example,ubuntu-22,sales,container_host
AST000538,host-00538.corp.example,rhel-9,hr,container_host
AST000539,host-00539.corp.example,rhel-9,exec,container_host
AST000540,host-00540.corp.example,rhel-9,sales,laptop
AST000541,host-00541.corp.example,windows-11,sales,vm
AST000542,host-00542.corp.example,windows-11,finance,server
AST000543,host-00543.corp.example,macos-14,sales,container_host
AST000544,host-00544.corp.example,rhel-9,legal,laptop
AST000545,host-00545.corp.example,windows-11,finance,vm
AST000546,host-00546.corp.example,windows-11,exec,container_host
AST000547,host-00547.corp.example,ubuntu-22,hr,laptop
AST000548,host-00548.corp.example,ubuntu-22,finance,laptop
AST000549,host-00549.corp.example,rhel-9,finance,vm
AST000550,host-00550.corp.example,windows-11,hr,laptop
AST000551,host-00551.corp.example,ubuntu-22,sales,vm
AST000552,host-00552.corp.example,rhel-9,sales,server
AST000553,host-00553.corp.example,ubuntu-22,sales,laptop
AST000554,host-00554.corp.example,macos-14,legal,vm
AST000555,host-00555.corp.example,ubuntu-22,finance,vm
AST000556,host-00556.corp.example,macos-14,legal,vm
AST000557,host-00557.corp.example,windows-11,sales,container_host
AST000558,host-00558.corp.example,windows-11,finance,server
AST000559,host-00559.corp.example,ubuntu-22,sales,server
AST000560,host-00560.corp.example,macos-14,sales,container_host
AST000561,host-00561.corp.example,rhel-9,sales,vm
AST000562,host-00562.corp.example,rhel-9,hr,container_host
AST000563,host-00563.corp.example,windows-11,exec,laptop
AST000564,host-00564.corp.example,rhel-9,legal,vm
AST000565,host-00565.corp.example,macos-14,hr,container_host
AST000566,host-00566.corp.example,macos-14,legal,laptop
AST000567,host-00567.corp.example,windows-11,exec,container_host
AST000568,host-00568.corp.example,macos-14,engineering,container_host
AST000569,host-00569.corp.example,ubuntu-22,hr,server
AST000570,host-00570.corp.example,rhel-9,finance,vm
AST000571,host-00571.corp.example,macos-14,finance,server
AST000572,host-00572.corp.example,rhel-9,finance,laptop
AST000573,host-00573.corp.example,windows-11,engineering,container_host
AST000574,host-00574.corp.example,windows-11,engineering,server
AST000575,host-00575.corp.example,rhel-9,hr,laptop
AST000576,host-00576.corp.example,rhel-9,sales,server
AST000577,host-00577.corp.example,macos-14,sales,vm
AST000578,host-00578.corp.example,windows-11,exec,vm
AST000579,host-00579.corp.example,macos-14,engineering,vm
AST000580,host-00580.corp.example,ubuntu-22,engineering,container_host
AST000581,host-00581.corp.example,macos-14,exec,server
AST000582,host-00582.corp.example,rhel-9,exec,laptop
AST000583,host-00583.corp.example,windows-11,engineering,server
AST000584,host-00584.corp.example,rhel-9,engineering,server
AST000585,host-00585.corp.example,ubuntu-22,legal,container_host
AST000586,host-00586.corp.example,windows-11,engineering,vm
AST000587,host-00587.corp.example,windows-11,hr,server
AST000588,host-00588.corp.example,rhel-9,engineering,server
AST000589,host-00589.corp.example,rhel-9,engineering,laptop
AST000590,host-00590.corp.example,windows-11,finance,vm
AST000591,host-00591.corp.example,macos-14,sales,container_host
AST000592,host-00592.corp.example,ubuntu-22,exec,server
AST000593,host-00593.corp.example,windows-11,legal,laptop
AST000594,host-00594.corp.example,ubuntu-22,hr,vm
AST000595,host-00595.corp.example,ubuntu-22,exec,server
AST000596,host-00596.corp.example,rhel-9,legal,container_host
AST000597,host-00597.corp.example,ubuntu-22,engineering,laptop
AST000598,host-00598.corp.example,ubuntu-22,engineering,container_host
AST000599,host-00599.corp.example,macos-14,hr,vm
AST000600,host-00600.corp.example,ubuntu-22,sales,vm
AST000601,host-00601.corp.example,windows-11,sales,vm
AST000602,host-00602.corp.example,windows-11,exec,vm
AST000603,host-00603.corp.example,ubuntu-22,legal,server
AST000604,host-00604.corp.example,rhel-9,finance,laptop
AST000605,host-00605.corp.example,ubuntu-22,hr,container_host
AST000606,host-00606.corp.example,windows-11,sales,container_host
AST000607,host-00607.corp.example,windows-11,legal,laptop
AST000608,host-00608.corp.example,macos-14,finance,server
AST000609,host-00609.corp.example,rhel-9,legal,container_host
AST000610,host-00610.corp.example,macos-14,legal,server
AST000611,host-00611.corp.example,rhel-9,engineering,laptop
AST000612,host-00612.corp.example,windows-11,engineering,vm
AST000613,host-00613.corp.example,ubuntu-22,engineering,laptop
AST000614,host-00614.corp.example,rhel-9,legal,vm
AST000615,host-00615.corp.example,rhel-9,hr,container_host
AST000616,host-00616.corp.example,windows-11,exec,server
AST000617,host-00617.corp.example,macos-14,engineering,vm
AST000618,host-00618.corp.example,windows-11,legal,server
AST000619,host-00619.corp.example,ubuntu-22,legal,vm
AST000620,host-00620.corp.example,rhel-9,legal,laptop
AST000621,host-00621.corp.example,macos-14,exec,container_host
AST000622,host-00622.corp.example,ubuntu-22,engineering,server
AST000623,host-00623.corp.example,windows-11,hr,laptop
AST000624,host-00624.corp.example,rhel-9,legal,laptop
AST000625,host-00625.corp.example,macos-14,exec,server
AST000626,host-00626.corp.example,windows-11,engineering,server
AST000627,host-00627.corp.example,windows-11,sales,container_host
AST000628,host-00628.corp.example,macos-14,legal,vm
AST000629,host-00629.corp.example,ubuntu-22,finance,server
AST000630,host-00630.corp.example,macos-14,exec,laptop
AST000631,host-00631.corp.example,windows-11,finance,container_host
AST000632,host-00632.corp.example,macos-14,legal,laptop
AST000633,host-00633.corp.example,macos-14,exec,laptop
AST000634,host-00634.corp.example,rhel-9,hr,vm
AST000635,host-00635.corp.example,windows-11,hr,server
AST000636,host-00636.corp.example,macos-14,sales,vm
AST000637,host-00637.corp.example,windows-11,legal,laptop
AST000638,host-00638.corp.example,ubuntu-22,exec,laptop
AST000639,host-00639.corp.example,windows-11,engineering,server
AST000640,host-00640.corp.example,windows-11,hr,vm
AST000641,host-00641.corp.example,rhel-9,sales,server
AST000642,host-00642.corp.example,windows-11,legal,container_host
AST000643,host-00643.corp.example,ubuntu-22,finance,server
AST000644,host-00644.corp.example,rhel-9,exec,vm
AST000645,host-00645.corp.example,macos-14,engineering,vm
AST000646,host-00646.corp.example,windows-11,legal,laptop
AST000647,host-00647.corp.example,ubuntu-22,sales,laptop
AST000648,host-00648.corp.example,rhel-9,engineering,container_host
AST000649,host-00649.corp.example,macos-14,finance,vm
AST000650,host-00650.corp.example,windows-11,legal,container_host
AST000651,host-00651.corp.example,windows-11,finance,server
AST000652,host-00652.corp.example,macos-14,legal,vm
AST000653,host-00653.corp.example,ubuntu-22,hr,vm
AST000654,host-00654.corp.example,rhel-9,sales,server
AST000655,host-00655.corp.example,ubuntu-22,engineering,container_host
AST000656,host-00656.corp.example,windows-11,sales,vm
AST000657,host-00657.corp.example,windows-11,finance,laptop
AST000658,host-00658.corp.example,rhel-9,exec,vm
AST000659,host-00659.corp.example,windows-11,sales,server
AST000660,host-00660.corp.example,rhel-9,hr,laptop
AST000661,host-00661.corp.example,ubuntu-22,exec,vm
AST000662,host-00662.corp.example,windows-11,engineering,server
AST000663,host-00663.corp.example,rhel-9,exec,vm
AST000664,host-00664.corp.example,rhel-9,exec,laptop
AST000665,host-00665.corp.example,windows-11,legal,server
AST000666,host-00666.corp.example,rhel-9,engineering,laptop
AST000667,host-00667.corp.example,rhel-9,exec,server
AST000668,host-00668.corp.example,ubuntu-22,finance,vm
AST000669,host-00669.corp.example,macos-14,hr,vm
AST000670,host-00670.corp.example,macos-14,hr,vm
AST000671,host-00671.corp.example,ubuntu-22,engineering,server
AST000672,host-00672.corp.example,ubuntu-22,legal,laptop
AST000673,host-00673.corp.example,ubuntu-22,engineering,server
AST000674,host-00674.corp.example,rhel-9,hr,vm
AST000675,host-00675.corp.example,rhel-9,engineering,vm
AST000676,host-00676.corp.example,ubuntu-22,hr,vm
AST000677,host-00677.corp.example,rhel-9,finance,laptop
AST000678,host-00678.corp.example,windows-11,sales,vm
AST000679,host-00679.corp.example,windows-11,sales,vm
AST000680,host-00680.corp.example,ubuntu-22,engineering,server
AST000681,host-00681.corp.example,macos-14,hr,laptop
AST000682,host-00682.corp.example,macos-14,finance,server
AST000683,host-00683.corp.example,windows-11,hr,container_host
AST000684,host-00684.corp.example,ubuntu-22,engineering,container_host
AST000685,host-00685.corp.example,windows-11,sales,laptop
AST000686,host-00686.corp.example,windows-11,engineering,server
AST000687,host-00687.corp.example,ubuntu-22,sales,container_host
AST000688,host-00688.corp.example,macos-14,exec,laptop
AST000689,host-00689.corp.example,macos-14,engineering,laptop
AST000690,host-00690.corp.example,windows-11,sales,container_host
AST000691,host-00691.corp.example,ubuntu-22,engineering,vm
AST000692,host-00692.corp.example,windows-11,engineering,container_host
AST000693,host-00693.corp.example,windows-11,sales,container_host
AST000694,host-00694.corp.example,rhel-9,hr,laptop
AST000695,host-00695.corp.example,rhel-9,exec,container_host
AST000696,host-00696.corp.example,ubuntu-22,finance,server
AST000697,host-00697.corp.example,ubuntu-22,finance,vm
AST000698,host-00698.corp.example,rhel-9,sales,laptop
AST000699,host-00699.corp.example,ubuntu-22,exec,vm
AST000700,host-00700.corp.example,rhel-9,hr,container_host
AST000701,host-00701.corp.example,windows-11,engineering,vm
AST000702,host-00702.corp.example,rhel-9,sales,container_host
AST000703,host-00703.corp.example,ubuntu-22,exec,server
AST000704,host-00704.corp.example,windows-11,hr,vm
AST000705,host-00705.corp.example,rhel-9,legal,container_host
AST000706,host-00706.corp.example,macos-14,legal,vm
AST000707,host-00707.corp.example,rhel-9,finance,server
AST000708,host-00708.corp.example,windows-11,finance,server
AST000709,host-00709.corp.example,windows-11,finance,laptop
AST000710,host-00710.corp.example,rhel-9,legal,vm
AST000711,host-00711.corp.example,ubuntu-22,sales,laptop
AST000712,host-00712.corp.example,ubuntu-22,exec,server
AST000713,host-00713.corp.example,macos-14,legal,laptop
AST000714,host-00714.corp.example,ubuntu-22,legal,container_host
AST000715,host-00715.corp.example,macos-14,sales,server
AST000716,host-00716.corp.example,ubuntu-22,legal,vm
AST000717,host-00717.corp.example,macos-14,legal,laptop
AST000718,host-00718.corp.example,macos-14,legal,server
AST000719,host-00719.corp.example,ubuntu-22,hr,vm
AST000720,host-00720.corp.example,ubuntu-22,hr,laptop
AST000721,host-00721.corp.example,windows-11,engineering,server
AST000722,host-00722.corp.example,ubuntu-22,engineering,container_host
AST000723,host-00723.corp.example,windows-11,finance,server
AST000724,host-00724.corp.example,ubuntu-22,finance,server
AST000725,host-00725.corp.example,macos-14,engineering,laptop
AST000726,host-00726.corp.example,ubuntu-22,legal,server
AST000727,host-00727.corp.example,windows-11,legal,vm
AST000728,host-00728.corp.example,windows-11,finance,container_host
AST000729,host-00729.corp.example,windows-11,finance,vm
AST000730,host-00730.corp.example,macos-14,sales,server
AST000731,host-00731.corp.example,rhel-9,exec,container_host
AST000732,host-00732.corp.example,macos-14,sales,vm
AST000733,host-00733.corp.example,ubuntu-22,exec,server
AST000734,host-00734.corp.example,rhel-9,finance,vm
AST000735,host-00735.corp.example,ubuntu-22,sales,laptop
AST000736,host-00736.corp.example,rhel-9,legal,laptop
AST000737,host-00737.corp.example,ubuntu-22,legal,vm
AST000738,host-00738.corp.example,ubuntu-22,exec,laptop
AST000739,host-00739.corp.example,rhel-9,sales,vm
AST000740,host-00740.corp.example,windows-11,sales,vm
AST000741,host-00741.corp.example,macos-14,sales,laptop
AST000742,host-00742.corp.example,macos-14,hr,laptop
AST000743,host-00743.corp.example,macos-14,sales,server
AST000744,host-00744.corp.example,windows-11,finance,vm
AST000745,host-00745.corp.example,windows-11,exec,laptop
AST000746,host-00746.corp.example,windows-11,hr,container_host
AST000747,host-00747.corp.example,rhel-9,sales,container_host
AST000748,host-00748.corp.example,rhel-9,hr,vm
AST000749,host-00749.corp.example,rhel-9,engineering,container_host
AST000750,host-00750.corp.example,ubuntu-22,sales,container_host
AST000751,host-00751.corp.example,windows-11,engineering,vm
AST000752,host-00752.corp.example,windows-11,finance,vm
AST000753,host-00753.corp.example,windows-11,engineering,vm
AST000754,host-00754.corp.example,ubuntu-22,hr,server
AST000755,host-00755.corp.example,windows-11,legal,laptop
AST000756,host-00756.corp.example,macos-14,legal,container_host
AST000757,host-00757.corp.example,windows-11,hr,server
AST000758,host-00758.corp.example,rhel-9,sales,laptop
AST000759,host-00759.corp.example,windows-11,finance,server
AST000760,host-00760.corp.example,ubuntu-22,hr,vm
AST000761,host-00761.corp.example,macos-14,finance,server
AST000762,host-00762.corp.example,windows-11,engineering,container_host
AST000763,host-00763.corp.example,rhel-9,sales,laptop
AST000764,host-00764.corp.example,macos-14,engineering,container_host
AST000765,host-00765.corp.example,windows-11,finance,container_host
AST000766,host-00766.corp.example,ubuntu-22,engineering,laptop
AST000767,host-00767.corp.example,ubuntu-22,sales,vm
AST000768,host-00768.corp.example,windows-11,hr,laptop
AST000769,host-00769.corp.example,macos-14,hr,container_host
AST000770,host-00770.corp.example,rhel-9,exec,vm
AST000771,host-00771.corp.example,windows-11,exec,container_host
AST000772,host-00772.corp.example,ubuntu-22,finance,container_host
AST000773,host-00773.corp.example,macos-14,sales,container_host
AST000774,host-00774.corp.example,windows-11,finance,container_host
AST000775,host-00775.corp.example,rhel-9,finance,server
AST000776,host-00776.corp.example,macos-14,legal,laptop
AST000777,host-00777.corp.example,ubuntu-22,exec,laptop
AST000778,host-00778.corp.example,windows-11,exec,vm
AST000779,host-00779.corp.example,rhel-9,legal,server
AST000780,host-00780.corp.example,windows-11,hr,container_host
AST000781,host-00781.corp.example,rhel-9,legal,server
AST000782,host-00782.corp.example,rhel-9,finance,laptop
AST000783,host-00783.corp.example,rhel-9,exec,laptop
AST000784,host-00784.corp.example,ubuntu-22,engineering,container_host
AST000785,host-00785.corp.example,ubuntu-22,sales,server
AST000786,host-00786.corp.example,ubuntu-22,sales,laptop
AST000787,host-00787.corp.example,rhel-9,engineering,container_host
AST000788,host-00788.corp.example,ubuntu-22,exec,server
AST000789,host-00789.corp.example,macos-14,finance,laptop
AST000790,host-00790.corp.example,windows-11,hr,container_host
AST000791,host-00791.corp.example,macos-14,finance,container_host
AST000792,host-00792.corp.example,windows-11,exec,container_host
AST000793,host-00793.corp.example,windows-11,hr,server
AST000794,host-00794.corp.example,ubuntu-22,legal,laptop
AST000795,host-00795.corp.example,windows-11,legal,laptop
AST000796,host-00796.corp.example,macos-14,legal,vm
AST000797,host-00797.corp.example,rhel-9,finance,container_host
AST000798,host-00798.corp.example,rhel-9,legal,container_host
AST000799,host-00799.corp.example,windows-11,sales,vm
AST000800,host-00800.corp.example,rhel-9,sales,container_host
AST000801,host-00801.corp.example,windows-11,hr,vm
AST000802,host-00802.corp.example,ubuntu-22,engineering,container_host
AST000803,host-00803.corp.example,macos-14,finance,laptop
AST000804,host-00804.corp.example,macos-14,finance,vm
AST000805,host-00805.corp.example,macos-14,hr,laptop
AST000806,host-00806.corp.example,ubuntu-22,sales,vm
AST000807,host-00807.corp.example,rhel-9,finance,vm
AST000808,host-00808.corp.example,rhel-9,legal,laptop
AST000809,host-00809.corp.example,ubuntu-22,hr,server
AST000810,host-00810.corp.example,rhel-9,exec,container_host
AST000811,host-00811.corp.example,macos-14,engineering,server
AST000812,host-00812.corp.example,windows-11,finance,container_host
AST000813,host-00813.corp.example,ubuntu-22,legal,laptop
AST000814,host-00814.corp.example,ubuntu-22,sales,server
AST000815,host-00815.corp.example,windows-11,sales,laptop
AST000816,host-00816.corp.example,rhel-9,engineering,vm
AST000817,host-00817.corp.example,ubuntu-22,finance,vm
AST000818,host-00818.corp.example,rhel-9,legal,container_host
AST000819,host-00819.corp.example,windows-11,exec,laptop
AST000820,host-00820.corp.example,ubuntu-22,finance,container_host
AST000821,host-00821.corp.example,rhel-9,sales,container_host
AST000822,host-00822.corp.example,macos-14,finance,server
AST000823,host-00823.corp.example,macos-14,exec,laptop
AST000824,host-00824.corp.example,macos-14,engineering,container_host
AST000825,host-00825.corp.example,windows-11,sales,server
AST000826,host-00826.corp.example,ubuntu-22,exec,server
AST000827,host-00827.corp.example,ubuntu-22,finance,container_host
AST000828,host-00828.corp.example,windows-11,exec,laptop
AST000829,host-00829.corp.example,rhel-9,sales,server
AST000830,host-00830.corp.example,windows-11,sales,vm
AST000831,host-00831.corp.example,macos-14,exec,vm
AST000832,host-00832.corp.example,rhel-9,hr,vm
AST000833,host-00833.corp.example,rhel-9,finance,server
AST000834,host-00834.corp.example,rhel-9,finance,container_host
AST000835,host-00835.corp.example,windows-11,engineering,vm
AST000836,host-00836.corp.example,macos-14,finance,laptop
AST000837,host-00837.corp.example,rhel-9,engineering,vm
AST000838,host-00838.corp.example,macos-14,exec,vm
AST000839,host-00839.corp.example,macos-14,finance,vm
AST000840,host-00840.corp.example,ubuntu-22,sales,server
AST000841,host-00841.corp.example,windows-11,legal,container_host
AST000842,host-00842.corp.example,macos-14,exec,server
AST000843,host-00843.corp.example,windows-11,exec,container_host
AST000844,host-00844.corp.example,macos-14,finance,container_host
AST000845,host-00845.corp.example,rhel-9,hr,laptop
AST000846,host-00846.corp.example,ubuntu-22,finance,server
AST000847,host-00847.corp.example,rhel-9,exec,vm
AST000848,host-00848.corp.example,macos-14,sales,server
AST000849,host-00849.corp.example,macos-14,engineering,container_host
AST000850,host-00850.corp.example,ubuntu-22,exec,vm
AST000851,host-00851.corp.example,ubuntu-22,exec,vm
AST000852,host-00852.corp.example,windows-11,sales,vm
AST000853,host-00853.corp.example,ubuntu-22,exec,vm
AST000854,host-00854.corp.example,rhel-9,finance,vm
AST000855,host-00855.corp.example,macos-14,legal,vm
AST000856,host-00856.corp.example,rhel-9,engineering,container_host
AST000857,host-00857.corp.example,windows-11,exec,laptop
AST000858,host-00858.corp.example,rhel-9,sales,laptop
AST000859,host-00859.corp.example,rhel-9,legal,vm
AST000860,host-00860.corp.example,rhel-9,engineering,server
AST000861,host-00861.corp.example,ubuntu-22,sales,vm
AST000862,host-00862.corp.example,rhel-9,legal,container_host
AST000863,host-00863.corp.example,ubuntu-22,finance,server
AST000864,host-00864.corp.example,windows-11,hr,vm
AST000865,host-00865.corp.example,ubuntu-22,finance,laptop
AST000866,host-00866.corp.example,windows-11,hr,vm
AST000867,host-00867.corp.example,ubuntu-22,sales,server
AST000868,host-00868.corp.example,rhel-9,engineering,server
AST000869,host-00869.corp.example,rhel-9,exec,container_host
AST000870,host-00870.corp.example,rhel-9,hr,container_host
AST000871,host-00871.corp.example,rhel-9,engineering,laptop
AST000872,host-00872.corp.example,ubuntu-22,exec,vm
AST000873,host-00873.corp.example,windows-11,finance,server
AST000874,host-00874.corp.example,windows-11,exec,laptop
AST000875,host-00875.corp.example,ubuntu-22,sales,vm
AST000876,host-00876.corp.example,macos-14,sales,laptop
AST000877,host-00877.corp.example,rhel-9,legal,vm
AST000878,host-00878.corp.example,ubuntu-22,engineering,laptop
AST000879,host-00879.corp.example,macos-14,finance,container_host
AST000880,host-00880.corp.example,macos-14,hr,server
AST000881,host-00881.corp.example,macos-14,hr,vm
AST000882,host-00882.corp.example,ubuntu-22,sales,container_host
AST000883,host-00883.corp.example,windows-11,sales,server
AST000884,host-00884.corp.example,ubuntu-22,sales,laptop
AST000885,host-00885.corp.example,ubuntu-22,engineering,vm
AST000886,host-00886.corp.example,windows-11,hr,vm
AST000887,host-00887.corp.example,windows-11,legal,laptop
AST000888,host-00888.corp.example,windows-11,exec,laptop
AST000889,host-00889.corp.example,windows-11,exec,laptop
AST000890,host-00890.corp.example,rhel-9,hr,container_host
AST000891,host-00891.corp.example,windows-11,legal,vm
AST000892,host-00892.corp.example,rhel-9,exec,server
AST000893,host-00893.corp.example,ubuntu-22,exec,laptop
AST000894,host-00894.corp.example,macos-14,hr,laptop
AST000895,host-00895.corp.example,macos-14,legal,server
AST000896,host-00896.corp.example,rhel-9,engineering,laptop
AST000897,host-00897.corp.example,macos-14,engineering,laptop
AST000898,host-00898.corp.example,rhel-9,sales,server
AST000899,host-00899.corp.example,macos-14,legal,server
AST000900,host-00900.corp.example,macos-14,exec,container_host
AST000901,host-00901.corp.example,macos-14,sales,laptop
AST000902,host-00902.corp.example,rhel-9,sales,container_host
AST000903,host-00903.corp.example,macos-14,sales,laptop
AST000904,host-00904.corp.example,windows-11,exec,laptop
AST000905,host-00905.corp.example,windows-11,legal,container_host
AST000906,host-00906.corp.example,ubuntu-22,engineering,laptop
AST000907,host-00907.corp.example,windows-11,finance,server
AST000908,host-00908.corp.example,rhel-9,finance,vm
AST000909,host-00909.corp.example,rhel-9,engineering,laptop
AST000910,host-00910.corp.example,ubuntu-22,engineering,vm
AST000911,host-00911.corp.example,macos-14,exec,vm
AST000912,host-00912.corp.example,rhel-9,exec,laptop
AST000913,host-00913.corp.example,windows-11,engineering,laptop
AST000914,host-00914.corp.example,ubuntu-22,exec,server
AST000915,host-00915.corp.example,macos-14,finance,container_host
AST000916,host-00916.corp.example,macos-14,exec,laptop
AST000917,host-00917.corp.example,macos-14,finance,server
AST000918,host-00918.corp.example,windows-11,hr,container_host
AST000919,host-00919.corp.example,rhel-9,finance,container_host
AST000920,host-00920.corp.example,rhel-9,hr,server
AST000921,host-00921.corp.example,windows-11,sales,laptop
AST000922,host-00922.corp.example,ubuntu-22,engineering,container_host
AST000923,host-00923.corp.example,rhel-9,legal,container_host
AST000924,host-00924.corp.example,ubuntu-22,legal,container_host
AST000925,host-00925.corp.example,macos-14,legal,laptop
AST000926,host-00926.corp.example,ubuntu-22,hr,container_host
AST000927,host-00927.corp.example,windows-11,hr,container_host
AST000928,host-00928.corp.example,windows-11,engineering,vm
AST000929,host-00929.corp.example,macos-14,engineering,server
AST000930,host-00930.corp.example,macos-14,legal,laptop
AST000931,host-00931.corp.example,rhel-9,exec,server
AST000932,host-00932.corp.example,rhel-9,finance,container_host
AST000933,host-00933.corp.example,ubuntu-22,legal,laptop
AST000934,host-00934.corp.example,windows-11,exec,server
AST000935,host-00935.corp.example,rhel-9,hr,server
AST000936,host-00936.corp.example,windows-11,hr,vm
AST000937,host-00937.corp.example,ubuntu-22,finance,vm
AST000938,host-00938.corp.example,windows-11,legal,server
AST000939,host-00939.corp.example,rhel-9,hr,server
AST000940,host-00940.corp.example,windows-11,hr,container_host
AST000941,host-00941.corp.example,rhel-9,engineering,container_host
AST000942,host-00942.corp.example,rhel-9,finance,laptop
AST000943,host-00943.corp.example,rhel-9,exec,laptop
AST000944,host-00944.corp.example,windows-11,hr,container_host
AST000945,host-00945.corp.example,windows-11,legal,laptop
AST000946,host-00946.corp.example,windows-11,legal,vm
AST000947,host-00947.corp.example,ubuntu-22,exec,container_host
AST000948,host-00948.corp.example,macos-14,finance,laptop
AST000949,host-00949.corp.example,ubuntu-22,hr,vm
AST000950,host-00950.corp.example,rhel-9,exec,vm
AST000951,host-00951.corp.example,rhel-9,engineering,laptop
AST000952,host-00952.corp.example,ubuntu-22,engineering,vm
AST000953,host-00953.corp.example,macos-14,exec,vm
AST000954,host-00954.corp.example,macos-14,exec,laptop
AST000955,host-00955.corp.example,windows-11,sales,container_host
AST000956,host-00956.corp.example,ubuntu-22,exec,container_host
AST000957,host-00957.corp.example,windows-11,finance,server
AST000958,host-00958.corp.example,ubuntu-22,engineering,container_host
AST000959,host-00959.corp.example,ubuntu-22,hr,server
AST000960,host-00960.corp.example,macos-14,engineering,container_host
AST000961,host-00961.corp.example,windows-11,exec,laptop
AST000962,host-00962.corp.example,rhel-9,hr,server
AST000963,host-00963.corp.example,rhel-9,engineering,laptop
AST000964,host-00964.corp.example,rhel-9,legal,container_host
AST000965,host-00965.corp.example,ubuntu-22,exec,server
AST000966,host-00966.corp.example,ubuntu-22,engineering,container_host
AST000967,host-00967.corp.example,macos-14,legal,container_host
AST000968,host-00968.corp.example,rhel-9,legal,server
AST000969,host-00969.corp.example,macos-14,hr,vm
AST000970,host-00970.corp.example,macos-14,hr,server
AST000971,host-00971.corp.example,ubuntu-22,hr,vm
AST000972,host-00972.corp.example,macos-14,exec,server
AST000973,host-00973.corp.example,ubuntu-22,sales,vm
AST000974,host-00974.corp.example,macos-14,exec,server
AST000975,host-00975.corp.example,ubuntu-22,legal,vm
AST000976,host-00976.corp.example,windows-11,finance,container_host
AST000977,host-00977.corp.example,rhel-9,exec,vm
AST000978,host-00978.corp.example,rhel-9,engineering,laptop
AST000979,host-00979.corp.example,windows-11,hr,server
AST000980,host-00980.corp.example,windows-11,exec,laptop
AST000981,host-00981.corp.example,ubuntu-22,finance,server
AST000982,host-00982.corp.example,macos-14,exec,vm
AST000983,host-00983.corp.example,ubuntu-22,engineering,vm
AST000984,host-00984.corp.example,ubuntu-22,legal,laptop
AST000985,host-00985.corp.example,macos-14,hr,laptop
AST000986,host-00986.corp.example,ubuntu-22,exec,container_host
AST000987,host-00987.corp.example,ubuntu-22,legal,vm
AST000988,host-00988.corp.example,windows-11,hr,container_host
AST000989,host-00989.corp.example,rhel-9,exec,vm
AST000990,host-00990.corp.example,windows-11,engineering,vm
AST000991,host-00991.corp.example,ubuntu-22,legal,container_host
AST000992,host-00992.corp.example,ubuntu-22,exec,vm
AST000993,host-00993.corp.example,ubuntu-22,exec,server
AST000994,host-00994.corp.example,macos-14,hr,server
AST000995,host-00995.corp.example,windows-11,sales,server
AST000996,host-00996.corp.example,windows-11,hr,laptop
AST000997,host-00997.corp.example,rhel-9,finance,vm
AST000998,host-00998.corp.example,ubuntu-22,sales,vm
AST000999,host-00999.corp.example,windows-11,finance,container_host
AST001000,host-01000.corp.example,ubuntu-22,engineering,server
AST001001,host-01001.corp.example,macos-14,legal,laptop
AST001002,host-01002.corp.example,macos-14,hr,vm
AST001003,host-01003.corp.example,windows-11,exec,vm
AST001004,host-01004.corp.example,ubuntu-22,sales,laptop
AST001005,host-01005.corp.example,ubuntu-22,hr,container_host
AST001006,host-01006.corp.example,windows-11,finance,server
AST001007,host-01007.corp.example,ubuntu-22,exec,vm
AST001008,host-01008.corp.example,macos-14,finance,vm
AST001009,host-01009.corp.example,ubuntu-22,legal,container_host
AST001010,host-01010.corp.example,windows-11,engineering,vm
AST001011,host-01011.corp.example,rhel-9,sales,server
AST001012,host-01012.corp.example,windows-11,exec,vm
AST001013,host-01013.corp.example,rhel-9,engineering,container_host
AST001014,host-01014.corp.example,macos-14,legal,vm
AST001015,host-01015.corp.example,windows-11,legal,vm
AST001016,host-01016.corp.example,rhel-9,hr,laptop
AST001017,host-01017.corp.example,macos-14,exec,server
AST001018,host-01018.corp.example,macos-14,legal,laptop
AST001019,host-01019.corp.example,windows-11,sales,laptop
AST001020,host-01020.corp.example,windows-11,sales,server
AST001021,host-01021.corp.example,rhel-9,engineering,server
AST001022,host-01022.corp.example,rhel-9,exec,laptop
AST001023,host-01023.corp.example,ubuntu-22,engineering,container_host
AST001024,host-01024.corp.example,macos-14,engineering,laptop
AST001025,host-01025.corp.example,windows-11,engineering,server
AST001026,host-01026.corp.example,macos-14,legal,laptop
AST001027,host-01027.corp.example,ubuntu-22,finance,container_host
AST001028,host-01028.corp.example,rhel-9,hr,container_host
AST001029,host-01029.corp.example,rhel-9,finance,laptop
AST001030,host-01030.corp.example,rhel-9,exec,laptop
AST001031,host-01031.corp.example,windows-11,exec,laptop
AST001032,host-01032.corp.example,windows-11,exec,laptop
AST001033,host-01033.corp.example,macos-14,legal,laptop
AST001034,host-01034.corp.example,macos-14,exec,vm
AST001035,host-01035.corp.example,windows-11,finance,container_host
AST001036,host-01036.corp.example,rhel-9,hr,laptop
AST001037,host-01037.corp.example,rhel-9,sales,server
AST001038,host-01038.corp.example,ubuntu-22,exec,container_host
AST001039,host-01039.corp.example,macos-14,exec,server
AST001040,host-01040.corp.example,macos-14,exec,vm
AST001041,host-01041.corp.example,windows-11,legal,server
AST001042,host-01042.corp.example,windows-11,engineering,laptop
AST001043,host-01043.corp.example,rhel-9,legal,laptop
AST001044,host-01044.corp.example,macos-14,sales,vm
AST001045,host-01045.corp.example,ubuntu-22,hr,server
AST001046,host-01046.corp.example,ubuntu-22,sales,server
AST001047,host-01047.corp.example,macos-14,sales,laptop
AST001048,host-01048.corp.example,ubuntu-22,exec,laptop
AST001049,host-01049.corp.example,rhel-9,exec,laptop
AST001050,host-01050.corp.example,macos-14,exec,laptop
AST001051,host-01051.corp.example,macos-14,engineering,server
AST001052,host-01052.corp.example,rhel-9,finance,vm
AST001053,host-01053.corp.example,ubuntu-22,exec,server
AST001054,host-01054.corp.example,windows-11,finance,laptop
AST001055,host-01055.corp.example,ubuntu-22,finance,container_host
AST001056,host-01056.corp.example,rhel-9,finance,vm
AST001057,host-01057.corp.example,ubuntu-22,legal,vm
AST001058,host-01058.corp.example,macos-14,hr,server
AST001059,host-01059.corp.example,windows-11,finance,server
AST001060,host-01060.corp.example,ubuntu-22,exec,container_host
AST001061,host-01061.corp.example,macos-14,finance,server
AST001062,host-01062.corp.example,macos-14,hr,container_host
AST001063,host-01063.corp.example,rhel-9,finance,vm
AST001064,host-01064.corp.example,rhel-9,legal,laptop
AST001065,host-01065.corp.example,ubuntu-22,exec,laptop
AST001066,host-01066.corp.example,macos-14,sales,server
AST001067,host-01067.corp.example,macos-14,exec,laptop
AST001068,host-01068.corp.example,windows-11,engineering,laptop
AST001069,host-01069.corp.example,rhel-9,legal,server
AST001070,host-01070.corp.example,windows-11,legal,vm
AST001071,host-01071.corp.example,rhel-9,exec,server
AST001072,host-01072.corp.example,macos-14,hr,server
AST001073,host-01073.corp.example,macos-14,sales,container_host
AST001074,host-01074.corp.example,windows-11,hr,vm
AST001075,host-01075.corp.example,windows-11,exec,server
AST001076,host-01076.corp.example,ubuntu-22,legal,server
AST001077,host-01077.corp.example,rhel-9,sales,server
AST001078,host-01078.corp.example,ubuntu-22,exec,container_host
AST001079,host-01079.corp.example,macos-14,engineering,server
AST001080,host-01080.corp.example,rhel-9,sales,laptop
AST001081,host-01081.corp.example,macos-14,finance,server
AST001082,host-01082.corp.example,windows-11,exec,server
AST001083,host-01083.corp.example,macos-14,hr,container_host
AST001084,host-01084.corp.example,rhel-9,engineering,laptop
AST001085,host-01085.corp.example,macos-14,engineering,vm
AST001086,host-01086.corp.example,macos-14,legal,server
AST001087,host-01087.corp.example,rhel-9,exec,container_host
AST001088,host-01088.corp.example,macos-14,legal,laptop
AST001089,host-01089.corp.example,macos-14,hr,server
AST001090,host-01090.corp.example,rhel-9,finance,vm
AST001091,host-01091.corp.example,rhel-9,hr,laptop
AST001092,host-01092.corp.example,ubuntu-22,hr,server
AST001093,host-01093.corp.example,ubuntu-22,engineering,vm
AST001094,host-01094.corp.example,ubuntu-22,sales,server
AST001095,host-01095.corp.example,ubuntu-22,finance,laptop
AST001096,host-01096.corp.example,ubuntu-22,hr,vm
AST001097,host-01097.corp.example,windows-11,hr,container_host
AST001098,host-01098.corp.example,rhel-9,sales,server
AST001099,host-01099.corp.example,rhel-9,engineering,server
AST001100,host-01100.corp.example,windows-11,sales,server
AST001101,host-01101.corp.example,ubuntu-22,exec,laptop
AST001102,host-01102.corp.example,ubuntu-22,engineering,server
AST001103,host-01103.corp.example,macos-14,sales,container_host
AST001104,host-01104.corp.example,windows-11,exec,vm
AST001105,host-01105.corp.example,windows-11,sales,container_host
AST001106,host-01106.corp.example,rhel-9,hr,server
AST001107,host-01107.corp.example,ubuntu-22,hr,server
AST001108,host-01108.corp.example,ubuntu-22,legal,vm
AST001109,host-01109.corp.example,ubuntu-22,exec,vm
AST001110,host-01110.corp.example,rhel-9,legal,laptop
AST001111,host-01111.corp.example,ubuntu-22,hr,container_host
AST001112,host-01112.corp.example,ubuntu-22,engineering,laptop
AST001113,host-01113.corp.example,ubuntu-22,legal,container_host
AST001114,host-01114.corp.example,ubuntu-22,legal,laptop
AST001115,host-01115.corp.example,ubuntu-22,hr,laptop
AST001116,host-01116.corp.example,windows-11,engineering,container_host
AST001117,host-01117.corp.example,ubuntu-22,legal,laptop
AST001118,host-01118.corp.example,rhel-9,legal,container_host
AST001119,host-01119.corp.example,macos-14,engineering,container_host
AST001120,host-01120.corp.example,ubuntu-22,hr,container_host
AST001121,host-01121.corp.example,macos-14,legal,laptop
AST001122,host-01122.corp.example,rhel-9,sales,vm
AST001123,host-01123.corp.example,rhel-9,sales,laptop
AST001124,host-01124.corp.example,macos-14,legal,container_host
AST001125,host-01125.corp.example,macos-14,sales,laptop
AST001126,host-01126.corp.example,windows-11,legal,laptop
AST001127,host-01127.corp.example,windows-11,hr,server
AST001128,host-01128.corp.example,macos-14,hr,vm
AST001129,host-01129.corp.example,windows-11,sales,container_host
AST001130,host-01130.corp.example,macos-14,finance,container_host
AST001131,host-01131.corp.example,macos-14,legal,vm
AST001132,host-01132.corp.example,rhel-9,sales,container_host
AST001133,host-01133.corp.example,rhel-9,sales,vm
AST001134,host-01134.corp.example,rhel-9,finance,vm
AST001135,host-01135.corp.example,macos-14,exec,container_host
AST001136,host-01136.corp.example,ubuntu-22,exec,laptop
AST001137,host-01137.corp.example,ubuntu-22,hr,server
AST001138,host-01138.corp.example,windows-11,sales,container_host
AST001139,host-01139.corp.example,macos-14,legal,laptop
AST001140,host-01140.corp.example,ubuntu-22,hr,laptop
AST001141,host-01141.corp.example,windows-11,sales,container_host
AST001142,host-01142.corp.example,rhel-9,engineering,laptop
AST001143,host-01143.corp.example,macos-14,sales,vm
AST001144,host-01144.corp.example,windows-11,legal,laptop
AST001145,host-01145.corp.example,rhel-9,hr,vm
AST001146,host-01146.corp.example,windows-11,sales,container_host
AST001147,host-01147.corp.example,rhel-9,engineering,server
AST001148,host-01148.corp.example,macos-14,sales,laptop
AST001149,host-01149.corp.example,ubuntu-22,legal,server
AST001150,host-01150.corp.example,windows-11,finance,server
AST001151,host-01151.corp.example,windows-11,sales,laptop
AST001152,host-01152.corp.example,macos-14,hr,vm
AST001153,host-01153.corp.example,rhel-9,hr,server
AST001154,host-01154.corp.example,windows-11,exec,laptop
AST001155,host-01155.corp.example,windows-11,legal,vm
AST001156,host-01156.corp.example,macos-14,finance,vm
AST001157,host-01157.corp.example,ubuntu-22,legal,server
AST001158,host-01158.corp.example,rhel-9,hr,laptop
AST001159,host-01159.corp.example,macos-14,sales,container_host
AST001160,host-01160.corp.example,windows-11,legal,laptop
AST001161,host-01161.corp.example,macos-14,finance,laptop
AST001162,host-01162.corp.example,macos-14,legal,vm
AST001163,host-01163.corp.example,rhel-9,hr,container_host
AST001164,host-01164.corp.example,ubuntu-22,finance,container_host
AST001165,host-01165.corp.example,rhel-9,legal,laptop
AST001166,host-01166.corp.example,rhel-9,engineering,vm
AST001167,host-01167.corp.example,windows-11,hr,server
AST001168,host-01168.corp.example,ubuntu-22,finance,container_host
AST001169,host-01169.corp.example,macos-14,legal,laptop
AST001170,host-01170.corp.example,macos-14,sales,vm
AST001171,host-01171.corp.example,windows-11,hr,vm
AST001172,host-01172.corp.example,windows-11,legal,server
AST001173,host-01173.corp.example,rhel-9,finance,vm
AST001174,host-01174.corp.example,ubuntu-22,legal,vm
AST001175,host-01175.corp.example,ubuntu-22,exec,server
AST001176,host-01176.corp.example,rhel-9,exec,server
AST001177,host-01177.corp.example,ubuntu-22,exec,server
AST001178,host-01178.corp.example,macos-14,sales,server
AST001179,host-01179.corp.example,ubuntu-22,sales,vm
AST001180,host-01180.corp.example,ubuntu-22,engineering,laptop
AST001181,host-01181.corp.example,windows-11,exec,container_host
AST001182,host-01182.corp.example,windows-11,legal,laptop
AST001183,host-01183.corp.example,rhel-9,finance,vm
AST001184,host-01184.corp.example,rhel-9,legal,vm
AST001185,host-01185.corp.example,rhel-9,sales,vm
AST001186,host-01186.corp.example,rhel-9,sales,server
AST001187,host-01187.corp.example,windows-11,legal,container_host
AST001188,host-01188.corp.example,rhel-9,legal,laptop
AST001189,host-01189.corp.example,macos-14,hr,server
AST001190,host-01190.corp.example,rhel-9,engineering,container_host
AST001191,host-01191.corp.example,macos-14,exec,laptop
AST001192,host-01192.corp.example,windows-11,exec,server
AST001193,host-01193.corp.example,rhel-9,legal,laptop
AST001194,host-01194.corp.example,macos-14,finance,vm
AST001195,host-01195.corp.example,ubuntu-22,legal,vm
AST001196,host-01196.corp.example,ubuntu-22,finance,container_host
AST001197,host-01197.corp.example,macos-14,finance,server
AST001198,host-01198.corp.example,rhel-9,hr,server
AST001199,host-01199.corp.example,rhel-9,exec,vm
AST001200,host-01200.corp.example,macos-14,hr,vm
AST001201,host-01201.corp.example,rhel-9,sales,server
AST001202,host-01202.corp.example,ubuntu-22,engineering,vm
AST001203,host-01203.corp.example,ubuntu-22,legal,container_host
AST001204,host-01204.corp.example,rhel-9,sales,server
AST001205,host-01205.corp.example,ubuntu-22,hr,laptop
AST001206,host-01206.corp.example,ubuntu-22,hr,container_host
AST001207,host-01207.corp.example,ubuntu-22,exec,vm
AST001208,host-01208.corp.example,rhel-9,finance,vm
AST001209,host-01209.corp.example,windows-11,hr,laptop
AST001210,host-01210.corp.example,ubuntu-22,engineering,server
AST001211,host-01211.corp.example,macos-14,hr,laptop
AST001212,host-01212.corp.example,rhel-9,exec,vm
AST001213,host-01213.corp.example,macos-14,finance,vm
AST001214,host-01214.corp.example,macos-14,finance,laptop
AST001215,host-01215.corp.example,rhel-9,engineering,vm
AST001216,host-01216.corp.example,ubuntu-22,legal,server
AST001217,host-01217.corp.example,macos-14,finance,vm
AST001218,host-01218.corp.example,rhel-9,exec,container_host
AST001219,host-01219.corp.example,windows-11,hr,vm
AST001220,host-01220.corp.example,rhel-9,exec,server
AST001221,host-01221.corp.example,ubuntu-22,exec,vm
AST001222,host-01222.corp.example,rhel-9,exec,container_host
AST001223,host-01223.corp.example,windows-11,engineering,server
AST001224,host-01224.corp.example,macos-14,sales,vm
AST001225,host-01225.corp.example,macos-14,exec,vm
AST001226,host-01226.corp.example,macos-14,legal,container_host
AST001227,host-01227.corp.example,macos-14,hr,vm
AST001228,host-01228.corp.example,rhel-9,hr,server
AST001229,host-01229.corp.example,ubuntu-22,engineering,server
AST001230,host-01230.corp.example,ubuntu-22,exec,vm
AST001231,host-01231.corp.example,windows-11,sales,server
AST001232,host-01232.corp.example,rhel-9,engineering,laptop
AST001233,host-01233.corp.example,windows-11,hr,laptop
AST001234,host-01234.corp.example,windows-11,hr,laptop
AST001235,host-01235.corp.example,windows-11,finance,server
AST001236,host-01236.corp.example,windows-11,exec,container_host
AST001237,host-01237.corp.example,macos-14,sales,server
AST001238,host-01238.corp.example,macos-14,hr,server
AST001239,host-01239.corp.example,ubuntu-22,legal,server
AST001240,host-01240.corp.example,windows-11,engineering,vm
AST001241,host-01241.corp.example,macos-14,hr,container_host
AST001242,host-01242.corp.example,macos-14,legal,container_host
AST001243,host-01243.corp.example,ubuntu-22,exec,server
AST001244,host-01244.corp.example,rhel-9,exec,container_host
AST001245,host-01245.corp.example,macos-14,finance,container_host
AST001246,host-01246.corp.example,ubuntu-22,engineering,container_host
AST001247,host-01247.corp.example,macos-14,finance,container_host
AST001248,host-01248.corp.example,macos-14,sales,vm
AST001249,host-01249.corp.example,windows-11,engineering,server
AST001250,host-01250.corp.example,macos-14,finance,container_host
AST001251,host-01251.corp.example,windows-11,exec,container_host
AST001252,host-01252.corp.example,rhel-9,finance,laptop
AST001253,host-01253.corp.example,rhel-9,finance,server
AST001254,host-01254.corp.example,windows-11,legal,vm
AST001255,host-01255.corp.example,ubuntu-22,hr,container_host
AST001256,host-01256.corp.example,rhel-9,sales,server
AST001257,host-01257.corp.example,rhel-9,hr,server
AST001258,host-01258.corp.example,macos-14,engineering,container_host
AST001259,host-01259.corp.example,ubuntu-22,legal,vm
AST001260,host-01260.corp.example,macos-14,exec,vm
AST001261,host-01261.corp.example,rhel-9,sales,laptop
AST001262,host-01262.corp.example,ubuntu-22,sales,vm
AST001263,host-01263.corp.example,windows-11,exec,container_host
AST001264,host-01264.corp.example,rhel-9,finance,container_host
AST001265,host-01265.corp.example,ubuntu-22,finance,laptop
AST001266,host-01266.corp.example,ubuntu-22,engineering,laptop
AST001267,host-01267.corp.example,ubuntu-22,engineering,vm
AST001268,host-01268.corp.example,macos-14,sales,container_host
AST001269,host-01269.corp.example,windows-11,sales,laptop
AST001270,host-01270.corp.example,ubuntu-22,engineering,container_host
AST001271,host-01271.corp.example,ubuntu-22,finance,container_host
AST001272,host-01272.corp.example,macos-14,hr,vm
AST001273,host-01273.corp.example,rhel-9,exec,laptop
AST001274,host-01274.corp.example,macos-14,engineering,server
AST001275,host-01275.corp.example,windows-11,finance,container_host
AST001276,host-01276.corp.example,windows-11,legal,container_host
AST001277,host-01277.corp.example,ubuntu-22,sales,vm
AST001278,host-01278.corp.example,rhel-9,engineering,laptop
AST001279,host-01279.corp.example,ubuntu-22,hr,container_host
AST001280,host-01280.corp.example,ubuntu-22,exec,laptop
AST001281,host-01281.corp.example,ubuntu-22,hr,laptop
AST001282,host-01282.corp.example,ubuntu-22,hr,container_host
AST001283,host-01283.corp.example,macos-14,finance,server
AST001284,host-01284.corp.example,windows-11,exec,laptop
AST001285,host-01285.corp.example,macos-14,hr,vm
AST001286,host-01286.corp.example,ubuntu-22,finance,laptop
AST001287,host-01287.corp.example,ubuntu-22,engineering,server
AST001288,host-01288.corp.example,rhel-9,finance,laptop
AST001289,host-01289.corp.example,ubuntu-22,finance,laptop
AST001290,host-01290.corp.example,rhel-9,sales,laptop
AST001291,host-01291.corp.example,windows-11,legal,container_host
AST001292,host-01292.corp.example,ubuntu-22,finance,laptop
AST001293,host-01293.corp.example,ubuntu-22,sales,container_host
AST001294,host-01294.corp.example,windows-11,exec,vm
AST001295,host-01295.corp.example,windows-11,engineering,vm
AST001296,host-01296.corp.example,ubuntu-22,exec,laptop
AST001297,host-01297.corp.example,ubuntu-22,hr,server
AST001298,host-01298.corp.example,macos-14,legal,vm
AST001299,host-01299.corp.example,rhel-9,exec,server
AST001300,host-01300.corp.example,windows-11,exec,container_host
AST001301,host-01301.corp.example,macos-14,exec,server
AST001302,host-01302.corp.example,macos-14,engineering,container_host
AST001303,host-01303.corp.example,rhel-9,legal,vm
AST001304,host-01304.corp.example,rhel-9,sales,server
AST001305,host-01305.corp.example,macos-14,finance,container_host
AST001306,host-01306.corp.example,macos-14,legal,server
AST001307,host-01307.corp.example,windows-11,legal,server
AST001308,host-01308.corp.example,rhel-9,finance,vm
AST001309,host-01309.corp.example,macos-14,hr,laptop
AST001310,host-01310.corp.example,rhel-9,exec,server
AST001311,host-01311.corp.example,windows-11,legal,vm
AST001312,host-01312.corp.example,ubuntu-22,finance,laptop
AST001313,host-01313.corp.example,rhel-9,sales,container_host
AST001314,host-01314.corp.example,ubuntu-22,legal,vm
AST001315,host-01315.corp.example,macos-14,hr,vm
AST001316,host-01316.corp.example,windows-11,engineering,laptop
AST001317,host-01317.corp.example,windows-11,sales,server
AST001318,host-01318.corp.example,windows-11,sales,laptop
AST001319,host-01319.corp.example,rhel-9,sales,laptop
AST001320,host-01320.corp.example,windows-11,legal,container_host
AST001321,host-01321.corp.example,rhel-9,legal,vm
AST001322,host-01322.corp.example,windows-11,finance,server
AST001323,host-01323.corp.example,windows-11,engineering,server
AST001324,host-01324.corp.example,rhel-9,engineering,container_host
AST001325,host-01325.corp.example,windows-11,finance,container_host
AST001326,host-01326.corp.example,macos-14,exec,laptop
AST001327,host-01327.corp.example,macos-14,legal,laptop
AST001328,host-01328.corp.example,windows-11,finance,laptop
AST001329,host-01329.corp.example,ubuntu-22,legal,laptop
AST001330,host-01330.corp.example,windows-11,exec,server
AST001331,host-01331.corp.example,rhel-9,sales,server
AST001332,host-01332.corp.example,ubuntu-22,legal,server
AST001333,host-01333.corp.example,rhel-9,exec,laptop
AST001334,host-01334.corp.example,macos-14,exec,container_host
AST001335,host-01335.corp.example,rhel-9,engineering,server
AST001336,host-01336.corp.example,ubuntu-22,legal,container_host
AST001337,host-01337.corp.example,macos-14,exec,server
AST001338,host-01338.corp.example,rhel-9,finance,vm
AST001339,host-01339.corp.example,macos-14,finance,container_host
AST001340,host-01340.corp.example,rhel-9,exec,vm
AST001341,host-01341.corp.example,ubuntu-22,legal,server
AST001342,host-01342.corp.example,rhel-9,legal,vm
AST001343,host-01343.corp.example,macos-14,hr,container_host
AST001344,host-01344.corp.example,rhel-9,engineering,laptop
AST001345,host-01345.corp.example,macos-14,legal,laptop
AST001346,host-01346.corp.example,ubuntu-22,finance,laptop
AST001347,host-01347.corp.example,macos-14,sales,server
AST001348,host-01348.corp.example,macos-14,engineering,vm
AST001349,host-01349.corp.example,ubuntu-22,engineering,laptop
AST001350,host-01350.corp.example,rhel-9,finance,server
AST001351,host-01351.corp.example,ubuntu-22,finance,vm
AST001352,host-01352.corp.example,ubuntu-22,sales,vm
AST001353,host-01353.corp.example,macos-14,engineering,container_host
AST001354,host-01354.corp.example,ubuntu-22,exec,laptop
AST001355,host-01355.corp.example,macos-14,hr,server
AST001356,host-01356.corp.example,rhel-9,exec,laptop
AST001357,host-01357.corp.example,macos-14,engineering,container_host
AST001358,host-01358.corp.example,windows-11,engineering,vm
AST001359,host-01359.corp.example,macos-14,hr,container_host
AST001360,host-01360.corp.example,windows-11,sales,laptop
AST001361,host-01361.corp.example,rhel-9,engineering,vm
AST001362,host-01362.corp.example,windows-11,finance,server
AST001363,host-01363.corp.example,macos-14,legal,server
AST001364,host-01364.corp.example,ubuntu-22,engineering,container_host
AST001365,host-01365.corp.example,rhel-9,legal,laptop
AST001366,host-01366.corp.example,ubuntu-22,hr,vm
AST001367,host-01367.corp.example,rhel-9,sales,server
AST001368,host-01368.corp.example,macos-14,engineering,container_host
AST001369,host-01369.corp.example,windows-11,legal,container_host
AST001370,host-01370.corp.example,macos-14,engineering,container_host
AST001371,host-01371.corp.example,rhel-9,exec,server
AST001372,host-01372.corp.example,ubuntu-22,hr,server
AST001373,host-01373.corp.example,rhel-9,hr,server
AST001374,host-01374.corp.example,ubuntu-22,sales,laptop
AST001375,host-01375.corp.example,macos-14,hr,vm
AST001376,host-01376.corp.example,windows-11,engineering,container_host
AST001377,host-01377.corp.example,rhel-9,finance,vm
AST001378,host-01378.corp.example,ubuntu-22,finance,vm
AST001379,host-01379.corp.example,windows-11,finance,server
AST001380,host-01380.corp.example,macos-14,legal,container_host
AST001381,host-01381.corp.example,ubuntu-22,hr,laptop
AST001382,host-01382.corp.example,ubuntu-22,sales,vm
AST001383,host-01383.corp.example,ubuntu-22,exec,laptop
AST001384,host-01384.corp.example,windows-11,exec,laptop
AST001385,host-01385.corp.example,ubuntu-22,legal,server
AST001386,host-01386.corp.example,macos-14,engineering,vm
AST001387,host-01387.corp.example,windows-11,finance,container_host
AST001388,host-01388.corp.example,rhel-9,engineering,vm
AST001389,host-01389.corp.example,ubuntu-22,exec,server
AST001390,host-01390.corp.example,ubuntu-22,legal,vm
AST001391,host-01391.corp.example,rhel-9,legal,server
AST001392,host-01392.corp.example,windows-11,hr,laptop
AST001393,host-01393.corp.example,macos-14,sales,laptop
AST001394,host-01394.corp.example,macos-14,sales,vm
AST001395,host-01395.corp.example,windows-11,hr,laptop
AST001396,host-01396.corp.example,windows-11,hr,vm
AST001397,host-01397.corp.example,macos-14,engineering,laptop
AST001398,host-01398.corp.example,macos-14,exec,container_host
AST001399,host-01399.corp.example,ubuntu-22,hr,laptop
AST001400,host-01400.corp.example,macos-14,hr,laptop
AST001401,host-01401.corp.example,ubuntu-22,sales,container_host
AST001402,host-01402.corp.example,windows-11,engineering,server
AST001403,host-01403.corp.example,macos-14,finance,container_host
AST001404,host-01404.corp.example,rhel-9,exec,server
AST001405,host-01405.corp.example,windows-11,finance,vm
AST001406,host-01406.corp.example,macos-14,exec,vm
AST001407,host-01407.corp.example,ubuntu-22,legal,vm
AST001408,host-01408.corp.example,windows-11,exec,vm
AST001409,host-01409.corp.example,rhel-9,engineering,vm
AST001410,host-01410.corp.example,ubuntu-22,sales,vm
AST001411,host-01411.corp.example,rhel-9,exec,server
AST001412,host-01412.corp.example,windows-11,exec,container_host
AST001413,host-01413.corp.example,ubuntu-22,hr,server
AST001414,host-01414.corp.example,ubuntu-22,hr,vm
AST001415,host-01415.corp.example,macos-14,hr,server
AST001416,host-01416.corp.example,ubuntu-22,exec,server
AST001417,host-01417.corp.example,ubuntu-22,sales,vm
AST001418,host-01418.corp.example,ubuntu-22,hr,server
AST001419,host-01419.corp.example,ubuntu-22,finance,laptop
AST001420,host-01420.corp.example,windows-11,sales,vm
AST001421,host-01421.corp.example,ubuntu-22,exec,laptop
AST001422,host-01422.corp.example,macos-14,hr,container_host
AST001423,host-01423.corp.example,macos-14,hr,vm
AST001424,host-01424.corp.example,ubuntu-22,sales,laptop
AST001425,host-01425.corp.example,ubuntu-22,sales,laptop
AST001426,host-01426.corp.example,macos-14,legal,server
AST001427,host-01427.corp.example,ubuntu-22,sales,laptop
AST001428,host-01428.corp.example,macos-14,engineering,container_host
AST001429,host-01429.corp.example,ubuntu-22,legal,container_host
AST001430,host-01430.corp.example,macos-14,sales,container_host
AST001431,host-01431.corp.example,rhel-9,hr,server
AST001432,host-01432.corp.example,ubuntu-22,sales,server
AST001433,host-01433.corp.example,windows-11,hr,laptop
AST001434,host-01434.corp.example,macos-14,hr,server
AST001435,host-01435.corp.example,ubuntu-22,sales,laptop
AST001436,host-01436.corp.example,ubuntu-22,hr,container_host
AST001437,host-01437.corp.example,macos-14,hr,server
AST001438,host-01438.corp.example,rhel-9,hr,laptop
AST001439,host-01439.corp.example,rhel-9,exec,vm
AST001440,host-01440.corp.example,rhel-9,legal,laptop
AST001441,host-01441.corp.example,windows-11,hr,container_host
AST001442,host-01442.corp.example,windows-11,sales,container_host
AST001443,host-01443.corp.example,windows-11,legal,container_host
AST001444,host-01444.corp.example,windows-11,sales,vm
AST001445,host-01445.corp.example,rhel-9,hr,vm
AST001446,host-01446.corp.example,macos-14,hr,server
AST001447,host-01447.corp.example,rhel-9,finance,laptop
AST001448,host-01448.corp.example,ubuntu-22,hr,container_host
AST001449,host-01449.corp.example,windows-11,exec,laptop
AST001450,host-01450.corp.example,ubuntu-22,legal,server
AST001451,host-01451.corp.example,rhel-9,hr,vm
AST001452,host-01452.corp.example,rhel-9,engineering,server
AST001453,host-01453.corp.example,rhel-9,legal,server
AST001454,host-01454.corp.example,rhel-9,engineering,vm
AST001455,host-01455.corp.example,macos-14,exec,server
AST001456,host-01456.corp.example,windows-11,engineering,laptop
AST001457,host-01457.corp.example,rhel-9,exec,vm
AST001458,host-01458.corp.example,windows-11,legal,container_host
AST001459,host-01459.corp.example,ubuntu-22,hr,container_host
AST001460,host-01460.corp.example,windows-11,sales,vm
AST001461,host-01461.corp.example,ubuntu-22,sales,server
AST001462,host-01462.corp.example,ubuntu-22,exec,laptop
AST001463,host-01463.corp.example,rhel-9,finance,vm
AST001464,host-01464.corp.example,rhel-9,finance,server
AST001465,host-01465.corp.example,windows-11,sales,server
AST001466,host-01466.corp.example,windows-11,legal,vm
AST001467,host-01467.corp.example,windows-11,hr,container_host
AST001468,host-01468.corp.example,rhel-9,legal,laptop
AST001469,host-01469.corp.example,rhel-9,sales,server
AST001470,host-01470.corp.example,rhel-9,hr,container_host
AST001471,host-01471.corp.example,rhel-9,engineering,laptop
AST001472,host-01472.corp.example,ubuntu-22,legal,vm
AST001473,host-01473.corp.example,ubuntu-22,engineering,server
AST001474,host-01474.corp.example,ubuntu-22,engineering,vm
AST001475,host-01475.corp.example,windows-11,sales,laptop
AST001476,host-01476.corp.example,macos-14,finance,laptop
AST001477,host-01477.corp.example,windows-11,engineering,container_host
AST001478,host-01478.corp.example,ubuntu-22,sales,vm
AST001479,host-01479.corp.example,ubuntu-22,hr,vm
AST001480,host-01480.corp.example,windows-11,engineering,vm
AST001481,host-01481.corp.example,macos-14,finance,container_host
AST001482,host-01482.corp.example,windows-11,hr,laptop
AST001483,host-01483.corp.example,macos-14,hr,server
AST001484,host-01484.corp.example,windows-11,exec,vm
AST001485,host-01485.corp.example,macos-14,legal,container_host
AST001486,host-01486.corp.example,ubuntu-22,exec,server
AST001487,host-01487.corp.example,windows-11,engineering,laptop
AST001488,host-01488.corp.example,rhel-9,exec,vm
AST001489,host-01489.corp.example,rhel-9,legal,vm
AST001490,host-01490.corp.example,macos-14,legal,vm
AST001491,host-01491.corp.example,ubuntu-22,legal,container_host
AST001492,host-01492.corp.example,rhel-9,hr,server
AST001493,host-01493.corp.example,ubuntu-22,exec,vm
AST001494,host-01494.corp.example,ubuntu-22,engineering,laptop
AST001495,host-01495.corp.example,windows-11,hr,laptop
AST001496,host-01496.corp.example,ubuntu-22,legal,container_host
AST001497,host-01497.corp.example,rhel-9,engineering,vm
AST001498,host-01498.corp.example,macos-14,legal,server
AST001499,host-01499.corp.example,windows-11,exec,server
