product_id,sku,name,category,supplier_id,unit_cost
PR00000,SKU-00000,Pro Law,apparel,SUP0043,48.3
PR00001,SKU-00001,Compact Care,apparel,SUP0068,105.76
PR00002,SKU-00002,Compact Analysis,apparel,SUP0035,218.68
PR00003,SKU-00003,Compact Foot,industrial,SUP0009,24.93
PR00004,SKU-00004,Pro His,electronics,SUP0069,231.63
PR00005,SKU-00005,Eco Way,auto_parts,SUP0030,121.67
PR00006,SKU-00006,Compact Worker,electronics,SUP0027,41.58
PR00007,SKU-00007,Compact Style,home,SUP0000,231.67
PR00008,SKU-00008,Industrial Traditional,auto_parts,SUP0058,174.3
PR00009,SKU-00009,Compact Among,apparel,SUP0071,47.88
PR00010,SKU-00010,Pro Way,industrial,SUP0027,184.07
PR00011,SKU-00011,Industrial Help,electronics,SUP0007,13.01
PR00012,SKU-00012,Eco Develop,electronics,SUP0061,240.21
PR00013,SKU-00013,Eco Rest,electronics,SUP0010,148.96
PR00014,SKU-00014,Compact Enjoy,electronics,SUP0030,235.43
PR00015,SKU-00015,Eco Reflect,industrial,SUP0072,148.83
PR00016,SKU-00016,Pro Board,auto_parts,SUP0079,164.51
PR00017,SKU-00017,Industrial Health,home,SUP0072,51.46
PR00018,SKU-00018,Eco State,home,SUP0040,99.25
PR00019,SKU-00019,Compact Opportunity,home,SUP0038,232.29
PR00020,SKU-00020,Pro Usually,auto_parts,SUP0009,155.48
PR00021,SKU-00021,Pro Two,electronics,SUP0072,134.64
PR00022,SKU-00022,Industrial Investment,apparel,SUP0064,233.35
PR00023,SKU-00023,Eco Pressure,home,SUP0008,71.6
PR00024,SKU-00024,Industrial So,industrial,SUP0056,245.97
PR00025,SKU-00025,Pro Clear,industrial,SUP0067,75.19
PR00026,SKU-00026,Eco Wish,home,SUP0013,29.3
PR00027,SKU-00027,Eco Wonder,home,SUP0013,70.8
PR00028,SKU-00028,Industrial Economic,apparel,SUP0026,172.03
PR00029,SKU-00029,Compact Treatment,home,SUP0033,226.38
PR00030,SKU-00030,Pro Commercial,auto_parts,SUP0006,207.42
PR00031,SKU-00031,Pro Such,home,SUP0005,192.89
PR00032,SKU-00032,Eco Talk,auto_parts,SUP0033,138.14
PR00033,SKU-00033,Pro Cost,electronics,SUP0054,19.27
PR00034,SKU-00034,Pro Upon,home,SUP0019,145.84
PR00035,SKU-00035,Compact Itself,apparel,SUP0018,10.94
PR00036,SKU-00036,Pro Ago,home,SUP0046,52.91
PR00037,SKU-00037,Pro Country,home,SUP0031,195.14
PR00038,SKU-00038,Eco Since,apparel,SUP0052,216.22
PR00039,SKU-00039,Compact Window,electronics,SUP0022,45.25
PR00040,SKU-00040,Compact Go,apparel,SUP0042,67.07
PR00041,SKU-00041,Compact Stay,electronics,SUP0013,214.72
PR00042,SKU-00042,Eco Word,auto_parts,SUP0028,87.74
PR00043,SKU-00043,Eco Its,electronics,SUP0029,165.18
PR00044,SKU-00044,Industrial Suffer,home,SUP0051,216.16
PR00045,SKU-00045,Industrial Relationship,industrial,SUP0035,100.22
PR00046,SKU-00046,Industrial Treat,electronics,SUP0068,29.28
PR00047,SKU-00047,Eco Simple,industrial,SUP0033,240.65
PR00048,SKU-00048,Pro Talk,electronics,SUP0033,149.34
PR00049,SKU-00049,Industrial Energy,auto_parts,SUP0044,151.75
PR00050,SKU-00050,Pro Example,auto_parts,SUP0065,224.93
PR00051,SKU-00051,Industrial Collection,electronics,SUP0024,177.34
PR00052,SKU-00052,Eco Store,home,SUP0000,108.11
PR00053,SKU-00053,Industrial Science,electronics,SUP0042,180.08
PR00054,SKU-00054,Industrial Box,auto_parts,SUP0038,81.88
PR00055,SKU-00055,Eco Idea,apparel,SUP0037,105.4
PR00056,SKU-00056,Eco Turn,industrial,SUP0048,142.49
PR00057,SKU-00057,Pro American,home,SUP0051,72.08
PR00058,SKU-00058,Industrial Town,auto_parts,SUP0055,110.73
PR00059,SKU-00059,Compact Many,apparel,SUP0027,164.88
PR00060,SKU-00060,Industrial Doctor,electronics,SUP0036,204.7
PR00061,SKU-00061,Industrial Decision,apparel,SUP0030,201.74
PR00062,SKU-00062,Pro Technology,electronics,SUP0018,61.59
PR00063,SKU-00063,Pro Why,auto_parts,SUP0060,103.9
PR00064,SKU-00064,Eco Magazine,auto_parts,SUP0073,123.85
PR00065,SKU-00065,Eco Hard,electronics,SUP0031,223.22
PR00066,SKU-00066,Compact Focus,apparel,SUP0013,44.38
PR00067,SKU-00067,Compact Tend,electronics,SUP0066,139.57
PR00068,SKU-00068,Compact Stuff,apparel,SUP0015,200.45
PR00069,SKU-00069,Industrial Try,auto_parts,SUP0067,153.36
PR00070,SKU-00070,Compact Drive,industrial,SUP0064,111.76
PR00071,SKU-00071,Compact Dog,auto_parts,SUP0020,65.17
PR00072,SKU-00072,Industrial Agent,industrial,SUP0031,121.41
PR00073,SKU-00073,Industrial Receive,auto_parts,SUP0030,19.83
PR00074,SKU-00074,Eco Data,home,SUP0036,84.29
PR00075,SKU-00075,Pro Inside,apparel,SUP0069,38.13
PR00076,SKU-00076,Eco Get,apparel,SUP0049,16.53
PR00077,SKU-00077,Industrial Family,industrial,SUP0052,116.75
PR00078,SKU-00078,Eco Treatment,auto_parts,SUP0007,97.67
PR00079,SKU-00079,Pro Available,industrial,SUP0074,95.41
PR00080,SKU-00080,Industrial Spring,home,SUP0000,188.49
PR00081,SKU-00081,Eco Family,auto_parts,SUP0053,55.25
PR00082,SKU-00082,Compact Have,electronics,SUP0055,97.52
PR00083,SKU-00083,Eco Put,auto_parts,SUP0051,229.93
PR00084,SKU-00084,Pro Mr,auto_parts,SUP0079,148.18
PR00085,SKU-00085,Pro Instead,auto_parts,SUP0003,34.36
PR00086,SKU-00086,Eco Respond,electronics,SUP0059,65.41
PR00087,SKU-00087,Eco Threat,auto_parts,SUP0041,82.05
PR00088,SKU-00088,Industrial Not,auto_parts,SUP0048,63.44
PR00089,SKU-00089,Compact Glass,electronics,SUP0010,187.38
PR00090,SKU-00090,Industrial Wrong,apparel,SUP0006,162.71
PR00091,SKU-00091,Pro Ahead,apparel,SUP0005,50.24
PR00092,SKU-00092,Eco Business,apparel,SUP0002,31.99
PR00093,SKU-00093,Eco Understand,auto_parts,SUP0014,175.02
PR00094,SKU-00094,Eco Every,industrial,SUP0047,152.01
PR00095,SKU-00095,Eco Could,home,SUP0014,27.47
PR00096,SKU-00096,Industrial Partner,industrial,SUP0003,169.5
PR00097,SKU-00097,Compact Evidence,apparel,SUP0048,19.46
PR00098,SKU-00098,Pro American,home,SUP0031,212.65
PR00099,SKU-00099,Pro Boy,industrial,SUP0076,195.77
PR00100,SKU-00100,Compact Pick,home,SUP0044,17.7
PR00101,SKU-00101,Pro Leader,auto_parts,SUP0043,205.67
PR00102,SKU-00102,Compact Hair,home,SUP0013,159.08
PR00103,SKU-00103,Eco Shoulder,auto_parts,SUP0058,44.45
PR00104,SKU-00104,Industrial Stop,industrial,SUP0066,202.15
PR00105,SKU-00105,Compact Former,auto_parts,SUP0068,109.18
PR00106,SKU-00106,Industrial Least,home,SUP0075,213.0
PR00107,SKU-00107,Industrial Police,auto_parts,SUP0011,61.34
PR00108,SKU-00108,Compact Much,home,SUP0059,7.66
PR00109,SKU-00109,Eco Business,auto_parts,SUP0041,53.42
PR00110,SKU-00110,Industrial Image,home,SUP0033,220.14
PR00111,SKU-00111,Pro We,industrial,SUP0035,237.04
PR00112,SKU-00112,Eco Part,auto_parts,SUP0010,122.4
PR00113,SKU-00113,Compact Customer,auto_parts,SUP0030,112.32
PR00114,SKU-00114,Pro Environmental,home,SUP0002,55.79
PR00115,SKU-00115,Industrial Another,industrial,SUP0031,92.57
PR00116,SKU-00116,Industrial Section,auto_parts,SUP0070,249.16
PR00117,SKU-00117,Industrial Least,home,SUP0070,175.86
PR00118,SKU-00118,Industrial Ability,home,SUP0034,58.02
PR00119,SKU-00119,Industrial Nature,electronics,SUP0024,185.85
PR00120,SKU-00120,Eco Wish,apparel,SUP0023,184.78
PR00121,SKU-00121,Industrial Sure,electronics,SUP0035,208.24
PR00122,SKU-00122,Eco Nothing,home,SUP0037,45.27
PR00123,SKU-00123,Eco Right,home,SUP0001,11.86
PR00124,SKU-00124,Industrial Serve,apparel,SUP0006,159.65
PR00125,SKU-00125,Pro Yard,electronics,SUP0062,143.73
PR00126,SKU-00126,Compact Site,auto_parts,SUP0060,85.51
PR00127,SKU-00127,Industrial Since,auto_parts,SUP0006,28.96
PR00128,SKU-00128,Compact Religious,auto_parts,SUP0008,18.98
PR00129,SKU-00129,Eco Debate,apparel,SUP0006,202.88
PR00130,SKU-00130,Pro Himself,apparel,SUP0038,30.05
PR00131,SKU-00131,Eco Lawyer,industrial,SUP0053,95.4
PR00132,SKU-00132,Industrial Available,industrial,SUP0056,247.51
PR00133,SKU-00133,Pro Red,industrial,SUP0039,240.05
PR00134,SKU-00134,Eco Wife,apparel,SUP0012,66.53
PR00135,SKU-00135,Eco Give,apparel,SUP0010,43.87
PR00136,SKU-00136,Eco Price,electronics,SUP0009,102.43
PR00137,SKU-00137,Compact Former,home,SUP0076,8.64
PR00138,SKU-00138,Industrial Record,auto_parts,SUP0036,18.26
PR00139,SKU-00139,Industrial Thus,industrial,SUP0029,165.47
PR00140,SKU-00140,Compact Capital,electronics,SUP0025,136.37
PR00141,SKU-00141,Industrial Service,apparel,SUP0019,18.32
PR00142,SKU-00142,Industrial We,industrial,SUP0021,187.36
PR00143,SKU-00143,Industrial First,auto_parts,SUP0072,31.53
PR00144,SKU-00144,Compact Movement,home,SUP0038,125.37
PR00145,SKU-00145,Compact For,electronics,SUP0063,149.71
PR00146,SKU-00146,Industrial Reflect,industrial,SUP0055,62.97
PR00147,SKU-00147,Eco Issue,industrial,SUP0011,146.99
PR00148,SKU-00148,Industrial General,industrial,SUP0002,10.54
PR00149,SKU-00149,Compact Interesting,industrial,SUP0022,163.05
PR00150,SKU-00150,Eco Same,industrial,SUP0035,109.25
PR00151,SKU-00151,Pro Find,auto_parts,SUP0062,87.32
PR00152,SKU-00152,Industrial Once,electronics,SUP0042,214.5
PR00153,SKU-00153,Compact Care,auto_parts,SUP0042,72.41
PR00154,SKU-00154,Pro Dark,auto_parts,SUP0051,22.47
PR00155,SKU-00155,Industrial Kitchen,electronics,SUP0032,242.56
PR00156,SKU-00156,Pro Red,industrial,SUP0051,115.76
PR00157,SKU-00157,Eco Yard,industrial,SUP0006,90.76
PR00158,SKU-00158,Compact Hundred,electronics,SUP0063,51.29
PR00159,SKU-00159,Eco Research,home,SUP0070,109.81
PR00160,SKU-00160,Pro Smile,electronics,SUP0062,243.3
PR00161,SKU-00161,Eco Weight,apparel,SUP0077,78.03
PR00162,SKU-00162,Compact Contain,electronics,SUP0001,56.56
PR00163,SKU-00163,Compact Power,electronics,SUP0014,162.1
PR00164,SKU-00164,Compact Outside,home,SUP0019,127.46
PR00165,SKU-00165,Compact Fish,auto_parts,SUP0034,245.07
PR00166,SKU-00166,Compact Into,industrial,SUP0031,36.59
PR00167,SKU-00167,Eco Official,electronics,SUP0024,69.42
PR00168,SKU-00168,Industrial These,industrial,SUP0053,67.16
PR00169,SKU-00169,Industrial A,home,SUP0000,209.45
PR00170,SKU-00170,Compact Fly,apparel,SUP0074,111.91
PR00171,SKU-00171,Industrial Few,home,SUP0061,138.2
PR00172,SKU-00172,Compact Develop,auto_parts,SUP0069,233.25
PR00173,SKU-00173,Eco Law,industrial,SUP0024,96.05
PR00174,SKU-00174,Pro Stock,home,SUP0052,186.3
PR00175,SKU-00175,Compact Particularly,apparel,SUP0048,124.08
PR00176,SKU-00176,Eco Policy,industrial,SUP0004,241.36
PR00177,SKU-00177,Pro Real,auto_parts,SUP0042,25.38
PR00178,SKU-00178,Pro Fund,apparel,SUP0058,102.79
PR00179,SKU-00179,Pro Make,auto_parts,SUP0019,195.49
PR00180,SKU-00180,Industrial Letter,industrial,SUP0033,173.33
PR00181,SKU-00181,Industrial Letter,industrial,SUP0010,95.31
PR00182,SKU-00182,Compact Republican,industrial,SUP0040,9.46
PR00183,SKU-00183,Eco Different,home,SUP0008,249.36
PR00184,SKU-00184,Compact Much,electronics,SUP0011,190.21
PR00185,SKU-00185,Compact Material,apparel,SUP0012,173.65
PR00186,SKU-00186,Pro Student,home,SUP0003,199.14
PR00187,SKU-00187,Industrial Wear,home,SUP0037,107.96
PR00188,SKU-00188,Compact Style,industrial,SUP0031,170.61
PR00189,SKU-00189,Eco Simply,apparel,SUP0023,20.2
PR00190,SKU-00190,Eco Condition,auto_parts,SUP0048,228.25
PR00191,SKU-00191,Eco Reason,auto_parts,SUP0018,159.66
PR00192,SKU-00192,Industrial Become,electronics,SUP0058,224.78
PR00193,SKU-00193,Industrial Federal,industrial,SUP0059,39.91
PR00194,SKU-00194,Industrial Myself,industrial,SUP0056,75.14
PR00195,SKU-00195,Industrial Record,auto_parts,SUP0054,211.4
PR00196,SKU-00196,Compact Property,auto_parts,SUP0025,27.11
PR00197,SKU-00197,Industrial President,industrial,SUP0048,74.32
PR00198,SKU-00198,Pro Government,auto_parts,SUP0037,68.98
PR00199,SKU-00199,Pro Better,industrial,SUP0072,186.42
PR00200,SKU-00200,Eco Tell,industrial,SUP0036,200.58
PR00201,SKU-00201,Eco Society,industrial,SUP0028,63.03
PR00202,SKU-00202,Pro Easy,electronics,SUP0017,77.58
PR00203,SKU-00203,Pro Remember,industrial,SUP0056,91.53
PR00204,SKU-00204,Pro Force,home,SUP0016,82.02
PR00205,SKU-00205,Eco Down,apparel,SUP0053,33.47
PR00206,SKU-00206,Industrial Sure,industrial,SUP0069,125.7
PR00207,SKU-00207,Eco Decide,home,SUP0034,228.56
PR00208,SKU-00208,Industrial Choice,home,SUP0061,201.16
PR00209,SKU-00209,Pro Ago,apparel,SUP0059,188.66
PR00210,SKU-00210,Compact Any,industrial,SUP0028,91.76
PR00211,SKU-00211,Pro Election,home,SUP0050,134.37
PR00212,SKU-00212,Industrial May,home,SUP0058,146.35
PR00213,SKU-00213,Pro Popular,apparel,SUP0047,118.13
PR00214,SKU-00214,Industrial To,industrial,SUP0079,55.73
PR00215,SKU-00215,Compact Special,home,SUP0008,162.49
PR00216,SKU-00216,Eco Baby,electronics,SUP0014,236.59
PR00217,SKU-00217,Compact Lose,electronics,SUP0038,24.75
PR00218,SKU-00218,Eco Join,auto_parts,SUP0068,113.68
PR00219,SKU-00219,Compact Various,industrial,SUP0069,185.7
PR00220,SKU-00220,Compact Professional,electronics,SUP0019,208.51
PR00221,SKU-00221,Compact Parent,home,SUP0078,8.66
PR00222,SKU-00222,Eco Day,auto_parts,SUP0047,111.45
PR00223,SKU-00223,Industrial Serious,electronics,SUP0030,245.24
PR00224,SKU-00224,Industrial Same,electronics,SUP0047,99.84
PR00225,SKU-00225,Pro If,auto_parts,SUP0024,23.37
PR00226,SKU-00226,Pro Miss,electronics,SUP0027,196.81
PR00227,SKU-00227,Eco Instead,industrial,SUP0031,51.7
PR00228,SKU-00228,Eco Either,industrial,SUP0070,54.38
PR00229,SKU-00229,Industrial Choose,apparel,SUP0029,197.27
PR00230,SKU-00230,Pro Reality,home,SUP0076,214.67
PR00231,SKU-00231,Eco Rise,industrial,SUP0018,63.04
PR00232,SKU-00232,Pro Accept,electronics,SUP0022,33.38
PR00233,SKU-00233,Eco Walk,industrial,SUP0045,81.28
PR00234,SKU-00234,Industrial Social,electronics,SUP0022,32.13
PR00235,SKU-00235,Pro Traditional,electronics,SUP0053,119.32
PR00236,SKU-00236,Pro Speech,auto_parts,SUP0046,126.21
PR00237,SKU-00237,Pro Value,industrial,SUP0078,75.76
PR00238,SKU-00238,Pro Both,auto_parts,SUP0003,211.9
PR00239,SKU-00239,Pro Start,auto_parts,SUP0054,178.24
PR00240,SKU-00240,Pro Large,electronics,SUP0056,80.87
PR00241,SKU-00241,Pro Discuss,apparel,SUP0018,69.12
PR00242,SKU-00242,Industrial Control,auto_parts,SUP0074,248.66
PR00243,SKU-00243,Industrial Summer,auto_parts,SUP0067,126.63
PR00244,SKU-00244,Pro Safe,electronics,SUP0055,213.27
PR00245,SKU-00245,Eco National,auto_parts,SUP0070,113.16
PR00246,SKU-00246,Compact Majority,home,SUP0029,206.94
PR00247,SKU-00247,Compact Apply,electronics,SUP0051,78.48
PR00248,SKU-00248,Industrial Onto,home,SUP0040,238.42
PR00249,SKU-00249,Pro Enjoy,electronics,SUP0060,208.03
PR00250,SKU-00250,Compact Whose,electronics,SUP0011,186.27
PR00251,SKU-00251,Eco Thus,industrial,SUP0047,15.47
PR00252,SKU-00252,Industrial Campaign,electronics,SUP0071,103.0
PR00253,SKU-00253,Pro Loss,home,SUP0054,150.3
PR00254,SKU-00254,Pro Cell,industrial,SUP0045,127.1
PR00255,SKU-00255,Compact Suddenly,apparel,SUP0019,211.9
PR00256,SKU-00256,Industrial Majority,electronics,SUP0044,190.77
PR00257,SKU-00257,Eco Region,auto_parts,SUP0073,211.37
PR00258,SKU-00258,Pro Nice,industrial,SUP0079,232.31
PR00259,SKU-00259,Pro Operation,apparel,SUP0034,68.68
PR00260,SKU-00260,Industrial Physical,home,SUP0039,2.02
PR00261,SKU-00261,Compact Free,electronics,SUP0018,35.9
PR00262,SKU-00262,Pro Someone,industrial,SUP0003,54.18
PR00263,SKU-00263,Compact Vote,home,SUP0053,39.77
PR00264,SKU-00264,Industrial Level,industrial,SUP0039,149.26
PR00265,SKU-00265,Eco Position,apparel,SUP0006,188.73
PR00266,SKU-00266,Pro Teacher,home,SUP0006,111.06
PR00267,SKU-00267,Compact Serve,industrial,SUP0054,110.79
PR00268,SKU-00268,Eco Wait,industrial,SUP0034,28.9
PR00269,SKU-00269,Pro Mother,home,SUP0055,169.72
PR00270,SKU-00270,Compact Last,industrial,SUP0075,166.95
PR00271,SKU-00271,Eco Then,auto_parts,SUP0005,246.12
PR00272,SKU-00272,Pro What,apparel,SUP0007,75.7
PR00273,SKU-00273,Eco Official,home,SUP0027,72.72
PR00274,SKU-00274,Pro Like,auto_parts,SUP0015,186.88
PR00275,SKU-00275,Eco Watch,auto_parts,SUP0022,133.38
PR00276,SKU-00276,Industrial Cold,electronics,SUP0029,99.57
PR00277,SKU-00277,Compact Six,electronics,SUP0005,115.21
PR00278,SKU-00278,Industrial Training,industrial,SUP0009,107.61
PR00279,SKU-00279,Compact May,home,SUP0051,29.24
PR00280,SKU-00280,Industrial Listen,apparel,SUP0002,200.43
PR00281,SKU-00281,Compact Event,home,SUP0079,22.49
PR00282,SKU-00282,Eco Society,auto_parts,SUP0013,147.42
PR00283,SKU-00283,Pro End,auto_parts,SUP0067,217.7
PR00284,SKU-00284,Eco Though,home,SUP0043,194.89
PR00285,SKU-00285,Pro Public,industrial,SUP0009,127.73
PR00286,SKU-00286,Industrial Factor,apparel,SUP0044,59.45
PR00287,SKU-00287,Industrial Space,apparel,SUP0018,43.79
PR00288,SKU-00288,Pro Star,apparel,SUP0019,237.85
PR00289,SKU-00289,Compact Near,industrial,SUP0063,190.09
PR00290,SKU-00290,Industrial Memory,home,SUP0057,38.16
PR00291,SKU-00291,Compact Produce,auto_parts,SUP0008,158.03
PR00292,SKU-00292,Pro Edge,home,SUP0035,127.08
PR00293,SKU-00293,Compact Face,auto_parts,SUP0039,9.88
PR00294,SKU-00294,Industrial Less,electronics,SUP0047,161.34
PR00295,SKU-00295,Compact Bank,auto_parts,SUP0011,145.29
PR00296,SKU-00296,Compact Sell,industrial,SUP0005,163.13
PR00297,SKU-00297,Compact Feeling,industrial,SUP0041,38.14
PR00298,SKU-00298,Compact Easy,electronics,SUP0007,202.84
PR00299,SKU-00299,Pro Expert,industrial,SUP0043,161.71
PR00300,SKU-00300,Eco Government,auto_parts,SUP0005,247.75
PR00301,SKU-00301,Eco Front,home,SUP0067,93.53
PR00302,SKU-00302,Compact Walk,auto_parts,SUP0036,193.73
PR00303,SKU-00303,Pro Now,home,SUP0076,16.95
PR00304,SKU-00304,Compact Be,home,SUP0012,63.37
PR00305,SKU-00305,Eco Certainly,home,SUP0077,20.83
PR00306,SKU-00306,Industrial City,home,SUP0018,241.94
PR00307,SKU-00307,Eco During,industrial,SUP0050,177.35
PR00308,SKU-00308,Industrial Identify,industrial,SUP0010,94.48
PR00309,SKU-00309,Eco Rule,industrial,SUP0042,23.82
PR00310,SKU-00310,Industrial Claim,electronics,SUP0054,90.97
PR00311,SKU-00311,Eco Seat,home,SUP0023,236.94
PR00312,SKU-00312,Eco Difficult,apparel,SUP0062,249.99
PR00313,SKU-00313,Pro Attack,home,SUP0019,211.18
PR00314,SKU-00314,Pro Join,home,SUP0012,219.16
PR00315,SKU-00315,Eco Involve,industrial,SUP0079,94.49
PR00316,SKU-00316,Eco Give,industrial,SUP0020,202.36
PR00317,SKU-00317,Compact Occur,electronics,SUP0021,103.01
PR00318,SKU-00318,Compact Man,industrial,SUP0030,71.59
PR00319,SKU-00319,Eco Just,industrial,SUP0057,60.17
PR00320,SKU-00320,Eco Assume,home,SUP0060,169.74
PR00321,SKU-00321,Compact Design,auto_parts,SUP0073,192.47
PR00322,SKU-00322,Compact There,apparel,SUP0048,204.31
PR00323,SKU-00323,Eco Kitchen,home,SUP0077,13.52
PR00324,SKU-00324,Industrial Improve,industrial,SUP0061,233.61
PR00325,SKU-00325,Pro West,home,SUP0066,21.43
PR00326,SKU-00326,Industrial Speech,auto_parts,SUP0020,226.37
PR00327,SKU-00327,Compact Pattern,electronics,SUP0018,236.63
PR00328,SKU-00328,Compact Young,home,SUP0028,232.65
PR00329,SKU-00329,Pro Safe,auto_parts,SUP0053,125.75
PR00330,SKU-00330,Compact Again,electronics,SUP0030,94.04
PR00331,SKU-00331,Industrial Tough,electronics,SUP0003,209.87
PR00332,SKU-00332,Eco Up,apparel,SUP0042,10.06
PR00333,SKU-00333,Eco Southern,auto_parts,SUP0060,112.43
PR00334,SKU-00334,Pro Parent,electronics,SUP0000,64.35
PR00335,SKU-00335,Compact Husband,electronics,SUP0019,194.16
PR00336,SKU-00336,Industrial Me,electronics,SUP0030,12.41
PR00337,SKU-00337,Compact According,electronics,SUP0053,28.16
PR00338,SKU-00338,Pro Yes,industrial,SUP0063,143.97
PR00339,SKU-00339,Industrial He,auto_parts,SUP0018,0.89
PR00340,SKU-00340,Eco Fire,industrial,SUP0045,104.43
PR00341,SKU-00341,Industrial Some,electronics,SUP0010,238.37
PR00342,SKU-00342,Pro In,auto_parts,SUP0069,218.4
PR00343,SKU-00343,Compact Tonight,home,SUP0005,63.79
PR00344,SKU-00344,Industrial Wait,electronics,SUP0002,86.53
PR00345,SKU-00345,Industrial Thing,apparel,SUP0013,11.56
PR00346,SKU-00346,Industrial Kind,apparel,SUP0069,207.68
PR00347,SKU-00347,Compact Nothing,apparel,SUP0059,202.97
PR00348,SKU-00348,Compact Small,electronics,SUP0008,73.71
PR00349,SKU-00349,Eco Simple,electronics,SUP0005,79.24
PR00350,SKU-00350,Compact Office,industrial,SUP0039,118.61
PR00351,SKU-00351,Eco Such,home,SUP0004,89.57
PR00352,SKU-00352,Industrial Player,home,SUP0006,31.56
PR00353,SKU-00353,Compact Water,auto_parts,SUP0047,185.96
PR00354,SKU-00354,Industrial Discussion,apparel,SUP0049,124.3
PR00355,SKU-00355,Industrial Method,industrial,SUP0063,67.05
PR00356,SKU-00356,Compact Discuss,electronics,SUP0010,107.94
PR00357,SKU-00357,Industrial Explain,home,SUP0023,26.1
PR00358,SKU-00358,Industrial Least,home,SUP0041,111.76
PR00359,SKU-00359,Eco Mention,auto_parts,SUP0054,88.21
PR00360,SKU-00360,Industrial Air,industrial,SUP0005,249.54
PR00361,SKU-00361,Pro Improve,electronics,SUP0035,167.96
PR00362,SKU-00362,Industrial Great,industrial,SUP0051,200.37
PR00363,SKU-00363,Pro Relate,apparel,SUP0020,212.24
PR00364,SKU-00364,Pro Respond,apparel,SUP0056,17.27
PR00365,SKU-00365,Industrial Success,auto_parts,SUP0046,237.39
PR00366,SKU-00366,Eco Interview,auto_parts,SUP0004,237.23
PR00367,SKU-00367,Compact Shake,electronics,SUP0047,143.69
PR00368,SKU-00368,Industrial Company,auto_parts,SUP0067,78.94
PR00369,SKU-00369,Eco Though,electronics,SUP0035,6.97
PR00370,SKU-00370,Compact Manage,industrial,SUP0023,97.05
PR00371,SKU-00371,Pro Wide,home,SUP0071,193.85
PR00372,SKU-00372,Eco Care,industrial,SUP0057,71.75
PR00373,SKU-00373,Eco Prevent,electronics,SUP0062,34.36
PR00374,SKU-00374,Compact None,apparel,SUP0009,224.72
PR00375,SKU-00375,Pro Agreement,home,SUP0056,167.13
PR00376,SKU-00376,Industrial What,home,SUP0008,212.91
PR00377,SKU-00377,Industrial Indeed,industrial,SUP0022,56.45
PR00378,SKU-00378,Eco Person,apparel,SUP0025,197.7
PR00379,SKU-00379,Industrial Organization,industrial,SUP0003,143.28
PR00380,SKU-00380,Eco Recognize,industrial,SUP0059,221.12
PR00381,SKU-00381,Industrial Agreement,auto_parts,SUP0008,249.9
PR00382,SKU-00382,Compact Because,auto_parts,SUP0061,205.92
PR00383,SKU-00383,Eco Question,home,SUP0009,160.76
PR00384,SKU-00384,Compact Later,industrial,SUP0057,86.46
PR00385,SKU-00385,Eco Central,apparel,SUP0070,108.44
PR00386,SKU-00386,Pro Trial,industrial,SUP0007,38.68
PR00387,SKU-00387,Eco Main,home,SUP0021,233.72
PR00388,SKU-00388,Industrial Court,industrial,SUP0028,223.78
PR00389,SKU-00389,Industrial Apply,apparel,SUP0010,158.95
PR00390,SKU-00390,Industrial Ever,apparel,SUP0070,156.44
PR00391,SKU-00391,Pro Hundred,industrial,SUP0078,160.43
PR00392,SKU-00392,Eco Generation,apparel,SUP0075,164.85
PR00393,SKU-00393,Industrial Development,industrial,SUP0077,10.78
PR00394,SKU-00394,Pro Look,electronics,SUP0003,237.16
PR00395,SKU-00395,Industrial General,apparel,SUP0073,191.86
PR00396,SKU-00396,Pro Green,auto_parts,SUP0053,222.3
PR00397,SKU-00397,Industrial Sort,home,SUP0069,120.99
PR00398,SKU-00398,Industrial Until,auto_parts,SUP0051,18.71
PR00399,SKU-00399,Eco Hundred,auto_parts,SUP0007,104.2
